code,economy,year,Perceived opportunities,Perceived capabilities,Fear of failure rate *,Entrepreneurial intentions,Total early-stage Entrepreneurial Activity (TEA),Established Business Ownership,Entrepreneurial Employee Activity,Motivational Index,Female/Male TEA,Female/Male Opportunity-Driven TEA,High Job Creation Expectation,Innovation,Business Services Sector,High Status to Successful Entrepreneurs,Entrepreneurship as a Good Career Choice
374,Armenia,2019,53.89,70,48.22,32.2,20.97,7.84,0.59,,0.64,,30.55,,7.55,73.41,87.24
61,Australia,2019,45.74,56.04,47.37,13.02,10.52,6.53,8.28,,0.72,,24.64,,26.31,74,56.39
375,Belarus,2019,29.52,42.34,37.96,6.59,5.78,2.72,0.49,,0.82,,28.23,,10.16,69.9,70.3
55,Brazil,2019,46.37,61.99,35.57,30.17,23.3,16.16,0.62,,0.98,,8.93,,7.57,72.25,75.25
101,Canada,2019,67.08,56.8,47.17,11.86,18.16,7.44,5.4,,0.71,,21.18,,12.24,79.9,69.21
56,Chile,2019,47.62,75.54,58.07,57.57,36.71,10.61,3.64,,0.79,,36.34,,19.9,74.58,74.36
86,China,2019,74.86,67.35,44.65,21.42,8.66,9.33,0.16,,0.84,,19.52,,10.62,92.42,79.32
57,Colombia,2019,46.68,72.37,32.69,35.47,22.28,4.27,0.91,,0.88,,35.53,,13.17,65.42,63.82
385,Croatia,2019,55.66,71.19,50.66,20.57,10.47,3.57,5.93,,0.61,,25.12,,31.22,46.45,61.49
357,Cyprus,2019,38.52,58.16,36.4,21.2,12.17,10.1,6.21,,0.57,,22.01,,22.71,76.69,72.96
593,Ecuador,2019,55.85,78.28,35.11,42.5,36.2,14.69,1.29,,0.86,,23.85,,8.07,71.88,72.26
20,Egypt,2019,73.53,67.26,54.79,61.58,6.67,1.5,0.23,,0.44,,37.83,,2.61,86.15,79.97
49,Germany,2019,52.18,45.79,29.68,9.12,7.63,5.2,6.26,,0.6,,24.32,,24.73,80.68,53.64
30,Greece,2019,49.86,51.64,40.62,12.43,8.22,14.33,1.87,,0.87,,14.75,,18.1,49.33,49.56
502,Guatemala,2019,67.25,77.42,39.64,52.21,25.05,14.8,1.42,,0.8,,21.81,,9.01,80.8,94.5
91,India,2019,83.1,85.2,62.37,33.3,14.97,11.92,0.17,,0.75,,10.64,,2.3,92.3,89.54
98,Iran,2019,47.68,68.88,36.2,37.85,10.69,10.15,2.01,,0.63,,46.73,,26,86.57,45.29
353,Ireland,2019,50.22,42,31.39,14.59,12.41,6.58,7.47,,0.57,,40.88,,27.07,20.69,39.93
972,Israel,2019,46,43.34,55.36,21.2,12.69,5.45,5.75,,0.69,,21.73,,27.06,84.13,64.21
39,Italy,2019,45.14,48.09,27.64,5.37,2.79,4.72,0.72,,0.6,,12.03,,18.61,13.06,19.04
81,Japan,2019,10.56,13.98,43.51,4.34,5.35,6.95,1.9,,0.37,,27.71,,19.85,62.65,24.6
962,Jordan,2019,40.57,61.72,54.35,29.05,9.11,6.55,0.69,,0.59,,14.97,,5.06,85.18,76.29
371,Latvia,2019,35.55,56.97,46.59,23.24,15.43,12.91,4.33,,0.58,,36.3,,23.55,60.28,56.82
352,Luxembourg,2019,58.01,48.49,45.65,12.92,10.2,4.65,6.65,,0.69,,30.76,,35.31,81.35,58.95
261,Madagascar,2019,46.78,73.46,41.01,44.45,19.48,20.17,0.57,,1.02,,7.52,,1.27,80.62,94.41
52,Mexico,2019,62.81,70.68,47.74,16.3,12.98,1.82,0.15,,0.91,,23.03,,5.87,67.64,68.06
212,Morocco,2019,57.66,62.37,42.52,41.93,11.4,7.89,0.32,,0.51,,12.79,,5.02,68.37,81.52
31,Netherlands,2019,64.58,41.92,27.13,9.18,10.38,10.81,5.99,,0.8,,18.53,,22.34,76.38,85.83
389,North Macedonia,2019,50.49,60.87,47.22,20.28,6.18,8,1.63,,0.36,,30.14,,12.02,67.98,68.01
47,Norway,2019,69.49,31.52,30.24,5.74,8.36,5.61,2.64,,0.44,,22.6,,33.36,93.49,66.74
968,Oman,2019,72.31,56.32,40.78,62.91,6.94,2,1.17,,0.72,,23.97,,8.77,85.67,85.34
92,Pakistan,2019,62.3,63.02,54.16,27.9,3.65,4.72,0.51,,0.3,,12.48,,2.52,87.71,80.15
507,Panama,2019,53.37,72.9,40.77,40.77,22.68,4.66,0.39,,0.74,,26.16,,9.8,74.61,69.97
48,Poland,2019,87.28,50.41,45.86,6,5.39,12.76,1.68,,0.9,,26.68,,21.35,76.95,77.65
351,Portugal,2019,53.52,61.43,52.59,19.78,12.89,10.96,4.13,,0.62,,17.33,,24.79,71.65,72.74
787,Puerto Rico,2019,39.43,55.7,33.19,23.93,13.39,1.25,2.1,,0.74,,25.52,,10.51,55.15,30.7
974,Qatar,2019,75.59,75.47,45.17,45.25,14.69,2.96,3.6,,1,,58.28,,22.75,87.09,82.1
7,Russia,2019,29.6,35.62,45.16,9.84,9.33,5.09,0.55,,0.85,,35.8,,9.1,73.69,70.77
966,Saudi Arabia,2019,73.8,83,41.78,32.32,13.96,5.35,3.19,,1.09,,61.9,,8.77,79.32,69.68
421,Slovakia,2019,36.04,53.05,43.71,13.62,13.33,5.88,3.1,,0.63,,26.22,,25.2,58.43,42.35
386,Slovenia,2019,47.59,57.46,42.23,14.98,7.8,8.45,7,,0.56,,19.94,,33.6,84.04,63.45
27,South Africa,2019,60.41,60.35,49.79,11.9,10.77,3.51,0.37,,0.89,,30.61,,8.97,82.16,78.84
82,South Korea,2019,42.89,51.7,7.14,25.65,14.94,13.03,1.35,,0.62,,21.69,,17.03,85.97,54.33
34,Spain,2019,36.13,50.82,48.21,7.41,6.15,6.31,1.73,,0.94,,8.98,,33.51,57.85,57.33
46,Sweden,2019,79.79,50.69,42.92,10.93,8.25,4.88,5.24,,0.55,,14.9,,19.39,78.72,62.66
41,Switzerland,2019,40.66,49.15,23.87,10.74,9.77,11.6,5.35,,0.59,,28.33,,28.11,76.18,40.23
886,Taiwan,2019,41.16,41.97,31.03,14.37,8.38,12.75,2.3,,0.67,,30.41,,19.04,61.06,50.5
971,United Arab Emirates,2019,66.1,62.16,41.73,38.5,16.41,6.96,8.24,,0.7,,65.98,,23.82,79.02,70.34
44,United Kingdom,2019,43.84,55.18,44.49,7.62,9.34,8.18,8.08,,0.6,,28.38,,32.83,76.67,56.38
1,United States,2019,67.24,65.51,35.1,13.68,17.42,10.59,6.47,,0.91,,32.5,,30.13,79.66,67.87
244,Angola,2018,74.02,75.65,16.63,79.83,40.84,15.16,3.15,0.94,0.99,0.7,24.3,17.8,5.65,80.46,74.44
54,Argentina,2018,35.89,48.79,31.92,14.83,9.11,9.05,1.46,1.35,0.81,0.78,11.75,32.17,11.53,49.96,59.39
43,Austria,2018,46.78,48.33,36.73,11.76,10.9,6.46,6.43,2.39,0.57,1.04,15.91,37.02,19.68,75.3,50.15
55,Brazil,2018,31.43,54.27,32.61,26.05,17.88,20.25,0.66,1.34,0.93,0.82,6.08,3.71,11.03,,
359,Bulgaria,2018,19.25,36.88,30.98,3.91,6,8.35,0.4,0.96,0.87,0.88,2.53,14.89,14,69.31,62.57
101,Canada,2018,62.98,55.86,42.32,14.45,18.71,7.5,8.59,3.26,0.83,1.1,20.68,41.3,14.74,74.09,64.13
56,Chile,2018,61.78,62.52,28.58,48.67,25.06,8.54,4.21,2.52,0.73,0.83,33.52,47.58,17.3,60.82,76.13
86,China,2018,35.07,24.15,41.7,15.28,10.39,3.16,1,0.92,0.82,1.05,20.38,33.06,13.05,68.72,60.82
57,Colombia,2018,57.48,66.4,23.1,48.84,21.19,6.5,1.96,3.57,0.72,0.95,49.89,16.07,16.45,84.18,68.68
385,Croatia,2018,33.13,52.32,30.32,18.62,9.61,4.15,5.28,1.37,0.59,0.94,26.54,24.59,28.94,42.97,62.09
357,Cyprus,2018,45.89,45.89,48.45,15.26,3.86,6.09,5.35,5.72,0.6,1.04,22.43,38.63,25.44,67.6,69.93
20,Egypt,2018,39.31,42.96,28.24,59.78,9.84,4.53,2.09,0.55,0.38,0.93,19.29,27.52,3.07,82.57,73.99
33,France,2018,34.95,37.46,37.08,18.6,6.13,2.52,4.33,2.85,0.75,0.86,29.08,28.07,22.63,71.52,58.21
49,Germany,2018,42.11,38.31,35.06,5.85,4.97,7.54,5.21,3.17,0.5,1,28.94,30.53,21.64,74.79,49.6
30,Greece,2018,19.22,46.39,57.76,7.47,6.35,10.81,1.76,3.05,0.45,0.78,9.66,28.44,12,67.8,64.89
502,Guatemala,2018,54.63,65.16,30.33,49.69,27.52,11.15,1.96,1.22,0.8,0.83,26.98,39.16,9.6,71.72,94.44
91,India,2018,49.83,52.22,50.06,20.64,11.42,6.96,0.81,0.55,0.62,0.89,8.39,46.88,1.94,65.03,63.72
62,Indonesia,2018,54.93,64.01,34.12,21.17,14.09,11.78,1.32,1.75,1.01,0.94,1.62,15.36,4.87,74.85,71.9
98,Iran,2018,22.32,53.11,30.4,34.97,9.71,12.28,0.88,1.27,0.5,1.1,35.99,17.23,23.46,80.49,39.26
353,Ireland,2018,51.65,45.56,39.32,15.41,9.64,6.83,8.57,2.23,0.63,1.03,43.7,35.75,25.65,83.86,55.48
972,Israel,2018,56.23,41.48,47.47,26.2,12.7,4.2,7.21,3.3,0.7,1.1,22.9,32.9,7.3,84.98,65.96
39,Italy,2018,34.57,29.77,51.67,8.96,4.18,6.37,3.16,2.73,0.51,0.96,13.35,24.27,26.56,74.63,63.93
81,Japan,2018,8.09,10.05,46.41,4.98,5.34,6.2,2.17,1.94,0.6,0.86,21.61,27.74,29.7,51.46,22.81
961,Lebanon,2018,42.01,68.08,22.39,29.1,24.08,21.61,1.65,1.31,0.56,1.02,3.73,41.89,4.98,,
352,Luxembourg,2018,55,43.91,47.23,14.7,10.72,3.39,7.05,4.65,0.68,1.05,16.64,47.94,37.08,74.22,48.81
261,Madagascar,2018,30.56,51.45,36.62,32.63,20.74,22.39,0.64,1.36,1.04,0.92,2.32,13.38,1.83,77.01,87.22
212,Morocco,2018,33.58,29.54,64.15,39.79,6.65,4.2,4.83,1.32,0.46,1.09,8.74,14.88,3.78,68.31,61.11
31,Netherlands,2018,66.73,46.08,34.74,7.71,12.29,11.96,7.87,7.76,0.51,1.04,9.52,23.83,28.78,63.05,81.74
507,Panama,2018,39.04,42.13,19.38,18.9,13.83,6.39,,5.42,1.01,0.99,6.14,10.47,5.05,46.32,44.63
51,Peru,2018,55.99,71.8,30.15,39.7,22.39,8.37,1.53,2.3,0.88,1,15.34,21.9,5.02,62.35,65.69
48,Poland,2018,68.48,46.6,31.06,9.48,5.24,12.99,1.87,6.6,0.74,1.08,11.46,12.17,20.05,76.33,85.86
787,Puerto Rico,2018,35.21,47.54,20.74,22.87,11.61,1.85,1.85,1.73,0.55,0.86,24.19,26.06,9.48,52.63,20.71
974,Qatar,2018,54.16,52.32,32.61,29.07,8.52,4.22,6.32,3.39,0.98,1.08,26.72,26.95,17.54,76.7,68.19
7,Russia,2018,22.81,27.46,46.42,2.2,5.55,4.9,0.67,0.79,0.53,0.64,19.84,8.09,11.77,68.04,68.02
966,Saudi Arabia,2018,76.3,83.42,43.63,26.77,12.09,3.11,2.82,1.49,0.58,0.81,12.22,23.26,5.8,78.19,66.81
421,Slovakia,2018,37.41,53.29,29.38,13.7,12.12,4.58,4.37,1.84,0.59,0.96,27.14,21.96,18.85,60.36,46.89
386,Slovenia,2018,42.17,50.97,31.99,15.28,6.37,6.84,5.91,1.96,0.43,0.86,15.31,25.54,32.36,75.78,58.43
82,South Korea,2018,45.68,49.68,32.82,30.99,14.65,12.48,3.55,3.2,0.72,1,12.79,29.94,6.87,69.95,53.02
34,Spain,2018,29.09,48.46,36.19,6.2,6.39,6.05,1.71,1.94,0.89,0.87,8.7,22.33,32.4,49.75,53.11
249,Sudan,2018,70.98,74.52,34.49,66.65,22.17,10.19,4.29,1.68,0.62,0.75,23.13,13.37,5.67,85.3,79.38
46,Sweden,2018,81.56,38.42,37.24,9.55,6.82,5.28,6.78,4.4,0.42,1.13,16.67,33.71,24.69,72.13,49.01
41,Switzerland,2018,45.48,36.26,39.85,6.93,7.37,11.5,6.28,9.15,0.47,0.99,28.49,31.68,35.36,69.71,46.54
886,Taiwan,2018,26.74,28.18,41.41,24.08,9.48,13.91,4.18,2.32,0.87,1,37.6,18.76,11.55,63.13,69.58
66,Thailand,2018,50.11,50.98,58.92,31.51,19.68,19.58,2.39,3.56,0.96,0.99,19.13,17.8,4.19,80.87,80.1
90,Turkey,2018,44.31,56.84,28.1,29.73,14.24,8.65,3.16,1.73,0.42,1.04,45.91,30.8,10.59,66.09,80.79
971,United Arab Emirates,2018,66.5,53.62,24.29,38.15,10.72,2.56,6.32,2.48,0.92,1,53.25,28.24,5.21,69.44,71.72
44,United Kingdom,2018,44.02,46.63,37.66,7.18,8.24,6.38,7.25,3.74,0.49,0.94,20.54,21.63,29.18,76.42,56.09
1,United States,2018,69.83,55.62,35.21,12.15,15.59,7.87,7.96,6.94,0.77,0.92,31.78,33.99,22.54,78.69,62.66
598,Uruguay,2018,28.89,58.97,27.39,24.21,15.7,5.58,3.47,1.36,0.64,0.86,18.76,25.28,19.53,49.56,54.68
54,Argentina,2017,29.65,43.08,37.77,13.36,5.97,6.71,0.58,2.46,0.83,0.94,12.68,13.98,20.9,47.43,60.4
61,Australia,2017,51.39,49.3,41.37,13.19,12.21,9.01,7.81,3.75,0.6,0.92,28.16,28.51,33.54,68.91,53.87
387,Bosnia and Herzegovina,2017,13.42,35.49,27.16,4.55,3.95,1.37,0.53,1.18,0.53,0.67,1.73,10.93,13.51,65.64,62.66
55,Brazil,2017,46.42,55.89,39.82,15.25,20.3,16.5,0.74,1.16,1.04,0.81,3.05,13.91,5.32,,
359,Bulgaria,2017,19.46,38.36,20.89,5.01,3.7,6.45,0.5,1.06,0.7,0.93,9.38,13.39,10.85,67.98,54.29
101,Canada,2017,60.23,55.59,43.84,14.13,18.75,6.18,8.16,3.14,0.66,1.01,20.32,43.18,29.12,73.96,65.61
56,Chile,2017,55.53,61.83,29.37,45.78,23.8,9.94,4.46,2.32,0.7,0.84,29.78,54.01,18.09,62.87,73.76
86,China,2017,35.21,27.24,41.46,15.29,9.87,6.83,1.36,1,0.87,1.09,24.32,25.51,7.86,74.57,66.35
57,Colombia,2017,52.4,68.5,26.11,52.48,18.68,8.67,1.76,2.96,0.95,0.95,37.67,14.87,10.22,75.34,68.42
385,Croatia,2017,33.59,50.84,26.63,17.54,8.91,4.41,4.84,1.19,0.56,0.69,30.36,19.86,21.7,47.71,62.19
357,Cyprus,2017,51.01,46.35,55.88,16.66,7.33,8.91,1.83,1.62,0.65,0.77,8.03,40.92,17.57,61.53,66.2
593,Ecuador,2017,51.15,74.06,27.13,48.18,29.62,15.35,0.54,0.87,1.06,0.86,6.62,16.54,4.77,60.68,60.63
20,Egypt,2017,43.51,46.6,30.2,55.45,13.25,5.69,2.18,0.63,0.4,0.69,23.69,25.26,3.85,82.01,75.94
372,Estonia,2017,60.95,49.72,31.76,18.14,19.38,11.37,9.12,2.73,0.59,0.96,27.22,30.2,25.08,64.74,54.22
33,France,2017,34.13,36.31,39.07,17.62,3.92,3.58,3.87,2.99,0.44,0.69,27.86,48.63,26.54,74.21,59.06
49,Germany,2017,41.96,37.45,36.31,7.22,5.28,6.05,5.67,5.42,0.59,0.96,21.95,23.74,27.33,77.9,51.31
30,Greece,2017,13.74,43.4,55.45,7.12,4.82,12.42,0.88,1.83,0.68,1.05,9.91,26.42,17.28,66.49,63.36
502,Guatemala,2017,53.31,64.49,32.42,46.54,24.75,12.29,1.33,1.63,0.78,0.93,22.21,29.51,7.94,73.42,91.91
91,India,2017,44.92,42.05,39.56,10.33,9.28,6.22,0.21,0.75,0.8,0.51,9.52,25.6,0.7,56.18,52.96
62,Indonesia,2017,47.74,57.34,46.66,28.14,7.47,10.38,1.82,1.72,0.69,0.79,3.57,11.58,7.02,80.95,70.01
98,Iran,2017,33.62,53.35,39.87,38.76,13.32,10.63,1.17,1.59,0.65,1.02,35.01,16.15,18.33,79.4,48.28
353,Ireland,2017,44.5,42.21,39.24,11.92,8.93,4.37,5.5,2.5,0.54,1.03,26.89,42.73,24.48,81.88,53.24
972,Israel,2017,58.29,44.14,47.96,26.42,12.78,3.32,8.55,2.02,0.72,1,8.66,26.7,27.3,86.07,65.16
39,Italy,2017,28.78,30.39,49.43,10.25,4.28,5.95,2.41,2.52,0.38,0.78,13.96,28.22,29.18,73.21,64.17
81,Japan,2017,7.41,10.77,41.21,3.67,4.68,6.34,2.76,3.35,0.44,1.02,28.42,24.68,32.66,51.96,24.27
701,Kazakhstan,2017,50.42,64.68,18.37,46.22,11.32,2.41,4.08,1.78,0.99,1.04,25.43,23.54,8.25,80.11,59.65
371,Latvia,2017,36.28,49.03,42.27,17.32,14.15,7.73,4.43,2.06,0.63,1.07,27.49,28.41,21.41,58.54,57.49
961,Lebanon,2017,59.18,74.61,17.02,32.52,24.13,33.2,1.41,1.09,0.69,0.75,4.12,46.91,7.7,,
352,Luxembourg,2017,54.77,40.86,46.95,10.98,9.05,3.27,8,4.08,0.55,0.98,18.45,57.13,33.61,69.95,42.98
261,Madagascar,2017,24.4,55.41,42.01,39.84,21.76,29.42,0.6,2.16,0.9,1.16,1.15,20.89,0.89,77.78,83.62
60,Malaysia,2017,45.06,46.12,44.95,17.61,21.6,3.82,1.4,9.22,0.87,1.02,13.18,29.33,4.46,69.88,77.06
52,Mexico,2017,36.38,50.07,28.4,13.2,14.14,1.4,1,2.14,0.64,0.95,10.77,31.71,6.13,52.34,50.67
212,Morocco,2017,37.7,49.64,52.9,26.64,8.76,10.43,0.53,1.58,0.37,1.03,10.8,18.68,2.74,63.26,75.81
31,Netherlands,2017,64.09,44.61,29.67,8.11,9.92,8.63,7.61,10.04,0.89,0.94,15.58,22.52,35.15,67.5,81
507,Panama,2017,48.86,57.59,24.02,20.8,16.18,4.67,0.15,3.17,0.78,0.96,17.93,8.51,7.29,67.46,60.16
51,Peru,2017,55.77,67.55,30.72,43.21,24.6,7.44,0.85,3.74,0.87,0.92,19.13,17.8,5.19,62.86,64.72
48,Poland,2017,68.83,52.36,34.35,9.69,8.85,9.76,3.2,7.52,0.78,1.01,14.89,12.08,17.13,67.73,79.26
787,Puerto Rico,2017,27.97,46.65,28.6,18.3,10.63,1.64,2.55,1.34,0.63,0.9,22.88,25.17,12.82,52.3,22.56
974,Qatar,2017,45.59,41.07,41.86,15.69,7.43,1.26,2.5,3.94,0.99,0.92,45.02,37.94,16.7,77.32,65.93
966,Saudi Arabia,2017,79.47,71.82,34.35,30.85,11.45,3.16,2.39,1.15,0.83,0.79,19.76,27.6,6.12,69.25,69.66
421,Slovakia,2017,25.82,48.45,32.83,9.04,11.8,10,2.6,1.37,0.71,0.83,22.88,29.24,26.27,59.99,47.55
386,Slovenia,2017,34.6,53.31,31.79,14.23,6.85,6.76,5.96,2.47,0.46,0.87,21.09,34.24,35.63,73.42,55.12
27,South Africa,2017,43.17,39.93,31.31,11.72,10.96,2.15,0.45,1.46,0.69,0.8,32,29.66,10.33,74.86,69.36
82,South Korea,2017,35.3,45.68,32.16,22.79,12.98,11.37,1.91,2.93,0.66,1.05,9.66,26.35,10.77,68.57,47.24
34,Spain,2017,31.86,44.8,39.16,5.55,6.19,7.05,1.35,1.7,0.82,0.84,8.6,25.01,26.81,47.88,53.83
46,Sweden,2017,79.49,34.5,36.7,8.08,7.29,4.17,6.2,5.95,0.65,0.97,6.34,29.05,30.85,70.52,53.6
41,Switzerland,2017,47.16,42.09,29.45,10.47,8.47,10.51,4.76,4.86,0.53,0.82,33.2,24.93,25.84,73.2,53.02
886,Taiwan,2017,26.57,25.89,39.16,25.74,8.56,12.07,8.08,3.67,0.56,0.96,42.99,20.19,19.11,60.13,71.08
66,Thailand,2017,49.13,48.86,52.69,37.36,21.62,15.18,4.49,7.9,0.86,0.98,29.56,29.29,6.35,74.48,74.72
971,United Arab Emirates,2017,35.45,64.79,61.08,56.33,8.97,5.63,1.68,3.37,0.89,0.99,26.63,18.67,23.15,87.77,82.73
44,United Kingdom,2017,42.98,48.21,35.85,7.27,8.4,6.67,7.98,4.47,0.46,1.04,23.39,27.06,38.45,75.6,55.59
1,United States,2017,63.59,54.31,33.36,14.54,13.64,7.75,7.59,7.21,0.64,1.04,38.61,35.93,34.44,75.49,63.05
598,Uruguay,2017,36.86,57.52,31.04,27.38,14.74,6.43,3.47,2.28,0.62,0.94,20.62,26.25,16.64,51.94,54.86
84,Vietnam,2017,46.41,53.03,46.63,24.96,23.27,24.66,0.6,4.6,1.14,0.94,9.07,13.86,6.54,74.77,62.11
54,Argentina,2016,44.29,61.16,25.77,27.96,14.51,7.9,3.1,1.6,0.82,0.79,23,24.9,16.6,50.4,61.7
61,Australia,2016,49.28,52.34,42.87,12.34,14.56,11.3,9,3.9,0.65,0.85,23.8,35.9,27.4,71.5,54.2
43,Austria,2016,42.24,49.6,37.05,10.39,9.63,8.8,7.3,3,0.72,0.94,13,35,38.39,,
501,Belize,2016,71.77,84.65,26.07,42.87,28.83,5.3,8,6.2,0.9,0.98,24.9,48.2,16.47,71.3,65.6
55,Brazil,2016,40.23,53.57,36.14,27.67,19.56,16.9,1.5,1,1.04,0.82,4.4,12.4,4.96,,
359,Bulgaria,2016,21.04,39.67,25.06,7.09,4.84,6.2,0.9,1.1,0.8,1.05,13.4,17.5,14.42,66.9,52.9
226,Burkina Faso,2016,61.88,76.72,17.88,63.67,33.53,28,0.6,1.4,0.8,0.85,16.3,22.5,0.96,90.6,80.6
237,Cameroon,2016,63.8,75.76,23.02,34.38,27.56,15.2,1.2,1,0.92,0.89,15.3,15.9,5.92,69.2,57.3
101,Canada,2016,58.97,54.07,39.01,14.04,16.72,6.8,5.9,3.4,0.66,1.03,15.9,40.9,30.9,73.5,65.5
56,Chile,2016,50.38,61.21,26.06,44.66,24.18,8,5.4,2.8,0.69,0.88,34.2,57,19.88,63.8,65.6
86,China,2016,37.33,29.82,49.08,21.3,10.29,7.5,1.2,1.5,0.73,0.95,26.7,28.8,12.46,77.8,70.3
57,Colombia,2016,51.4,67.92,20.95,49.56,27.35,8.9,1.2,4.2,0.82,0.91,37.9,16.5,9.78,76.2,67.2
385,Croatia,2016,24.55,50.15,35.79,18.17,8.41,4.2,5.3,1.3,0.5,0.77,30.4,23.3,20.91,45.6,62.2
357,Cyprus,2016,35.87,52.38,50.17,16.73,11.96,8.2,5.6,2,0.43,0.94,20.9,36.7,22,65.7,72.7
593,Ecuador,2016,45.47,71.33,25.85,36.71,31.83,14.3,0.7,1.2,0.9,0.9,6.3,16.4,6.54,61.1,59.5
20,Egypt,2016,53.5,46.41,27.63,63.76,14.3,6.1,2,1,0.36,1.04,25.4,22.9,6.68,87.1,83.4
503,El Salvador,2016,38.92,70.57,30.76,33.35,14.26,11.5,1,1.3,0.91,0.79,19.8,14.9,5.52,52.6,71.5
372,Estonia,2016,52.29,43.65,41.15,16.41,16.16,7.8,6.3,3.3,0.56,1.02,27,34.5,29.5,63.6,53.2
358,Finland,2016,49.11,35.82,37.55,10.43,6.71,7.3,5.6,9.7,0.72,0.96,17.7,29.4,27.4,83,40.3
33,France,2016,28.58,36.32,40.26,15.69,5.32,4.3,3.6,6.3,0.47,1.05,21.2,33.9,31.38,69,57.1
995,Georgia,2016,29.51,41.63,26.54,12.78,8.58,8.6,0.5,0.7,0.6,0.86,20.6,20.1,7.99,79.7,71.4
49,Germany,2016,37.56,37.41,41.04,6.23,4.56,7,5.1,2.7,0.52,1.04,21.5,24.7,25,78.9,51.8
30,Greece,2016,12.95,41.71,52.74,8.11,5.7,14.1,1.4,1.1,0.73,0.89,9.7,24.8,17.58,65.9,63.6
502,Guatemala,2016,48.23,61.56,34.11,36.96,20.07,9.1,1.7,1.1,0.68,0.82,6.3,39.1,3.41,78.3,95.2
852,Hong Kong,2016,56.76,32.38,37.3,16.28,9.44,6.1,4.1,4.4,0.5,1.07,34.6,27,18.39,63.4,55.4
36,Hungary,2016,30.11,38.4,43.17,15.11,7.94,5.5,3,2.6,0.46,0.95,35.8,20.4,27.13,71,52.8
91,India,2016,44.34,43.99,37.53,14.88,10.59,4.6,2.5,1.2,0.56,1.02,5.2,28,7,46.7,44.4
62,Indonesia,2016,43.14,55.07,38.84,23.17,14.08,15.3,0.7,2.3,1.24,1.07,2.4,17.7,9.13,79.3,69
98,Iran,2016,34.44,59.29,43.77,45.32,12.79,11.6,1.2,1.5,0.54,1.08,28.7,17.5,19.27,80.5,52.4
353,Ireland,2016,45.23,44.88,39.62,12.89,10.88,4.4,6.2,3.2,0.5,1,36.7,40,25.23,83.1,56.3
972,Israel,2016,53.69,41.1,48.65,20.61,11.31,4,7.3,2.6,0.71,1.15,22.1,30.4,37.37,85.5,64.2
39,Italy,2016,28.62,31.18,49.36,10.06,4.42,5.2,2.1,3.7,0.59,1.11,18.4,26.9,26.64,69.7,63.3
876,Jamaica,2016,64.38,83.54,24.53,37.9,9.85,8.2,0.7,0.8,0.81,0.96,0.5,20.1,3.66,84.5,85.2
962,Jordan,2016,30.52,48.36,44.34,16.39,8.2,2.7,1.5,1.9,0.26,0.78,10,23.9,3.13,82.3,73.5
701,Kazakhstan,2016,44.16,50.01,30.51,16.77,10.15,2.4,0.7,0.8,0.87,0.93,33.1,19.6,11.36,82,74.3
371,Latvia,2016,31.9,49.89,41.11,18.94,14.19,9.5,4.5,4,0.51,0.97,31.3,29.4,12.8,57.8,55.2
961,Lebanon,2016,59.64,68.05,22.45,40.5,21.15,20.1,2.6,1.1,0.61,1.07,7.7,58.7,6.47,,
352,Luxembourg,2016,49.79,40.83,45.77,11.92,9.19,3.2,7.2,4.8,0.56,1.01,21.7,44.5,32.83,69.6,42.1
60,Malaysia,2016,25.43,28.34,36.68,4.86,4.7,4.7,0.3,3.7,0.92,1.14,8.2,3.5,6.05,50.3,44.1
212,Morocco,2016,44.98,56.06,32.85,36.23,5.56,7.5,0.5,1.8,0.67,1.05,17.7,14.5,3.42,58.7,79.3
31,Netherlands,2016,54.25,41.18,37.93,7.4,11,10.2,7.6,3.2,0.65,0.61,17.2,29.5,27.91,60.2,77.9
389,North Macedonia,2016,38.36,54.5,34.44,24.85,6.53,7.2,1.4,0.7,0.4,1,19,15.5,10.23,58.5,64.8
507,Panama,2016,42.44,47.96,27.42,9.68,13.2,4.4,0.2,3.9,0.87,0.87,7.1,23.7,7.02,59.7,63.2
51,Peru,2016,56.56,68.99,30.51,43.47,25.14,6.1,0.8,5.4,0.91,1.02,24.9,14.9,8.84,70.8,68.1
48,Poland,2016,39.48,60.22,47.55,20.83,10.66,7.1,5.2,2,0.61,0.9,28.3,27.7,33.33,56.2,61.9
351,Portugal,2016,29.53,42.35,38.12,13.26,8.15,7.1,2.4,2.7,0.59,0.8,21,21,18.67,63.4,68.8
787,Puerto Rico,2016,25.15,47.94,20.07,19.39,10.32,1.6,1.8,1.3,0.58,1.04,20.3,19.9,15.44,50.5,21.5
974,Qatar,2016,48.37,50.59,35.37,38.94,7.85,3,6.4,6,0.84,1.17,51.5,22.8,29.03,80.4,71.2
7,Russia,2016,17.88,28.42,44.8,2.12,6.27,5.3,0.7,1.3,0.83,0.91,18.7,5.4,8.52,65.6,63.4
966,Saudi Arabia,2016,81.53,70.68,39.43,23.88,11.44,2.3,4.7,5.4,0.75,1.03,5.3,12.9,4.81,78.7,81.3
421,Slovakia,2016,23.03,44.03,39.66,8.04,9.45,6.1,2.2,1,0.67,0.79,22.2,25.9,24.86,60.1,50.6
386,Slovenia,2016,25.34,51.8,33.78,11.38,8.02,6.7,4.7,2.7,0.47,0.91,26.4,33.2,27.81,69,56.8
27,South Africa,2016,35.03,37.87,31.18,10.06,6.91,2.5,0.7,1.8,0.74,0.94,27.6,22,14.57,78.1,72.6
82,South Korea,2016,35.32,45.09,31.54,27.47,6.69,6.6,2.3,2.7,0.66,0.99,21.6,32.8,18.7,60.2,45.3
34,Spain,2016,25.56,46.69,38.91,5.11,5.23,6.2,2.7,1.9,0.81,1.01,9.7,23.7,25.08,50.7,53.7
46,Sweden,2016,78.5,35.51,40.77,8.36,7.58,4.5,6.1,11.8,0.72,0.96,12.2,33.6,37.65,69.9,53.6
41,Switzerland,2016,41.42,43.26,31.2,7.87,8.21,11.1,6.1,5.1,0.48,0.96,25.1,37.5,36.4,66,38.9
886,Taiwan,2016,26.46,25.24,41.02,25.79,8.24,7.7,5.7,2.7,0.46,1.1,42.8,17.6,13.91,62.2,73.2
66,Thailand,2016,37.67,43.51,52.1,22.59,17.24,27.5,1,3.5,0.83,0.9,9.5,17.1,9.12,73.6,73.7
90,Turkey,2016,49.57,54.19,30.88,30.28,16.14,9.4,3.6,1.9,0.45,0.97,48.1,30.8,11.19,72.1,80.8
971,United Arab Emirates,2016,25.83,55.23,54.38,48.26,5.66,1.9,2.2,1.4,0.56,0.95,30.7,26.5,14.23,82.3,75.1
44,United Kingdom,2016,42.3,47.96,35.23,9.14,8.8,6.1,7,3.8,0.47,0.95,28.4,33,34.7,77.2,58.8
1,United States,2016,57.27,55.05,33.33,11.73,12.63,9.2,7,6.4,0.71,0.99,34.2,37.1,33.62,74.4,63.7
598,Uruguay,2016,28.57,55.6,29.7,25.48,14.11,7.4,2.6,1.4,0.53,0.84,22.3,26.2,20.85,55.8,58.7
54,Argentina,2015,45.88,61.62,25.8,29.14,17.74,9.49,2.38,1.7,0.79,0.83,18.8,22.18,18.6,52.91,62.06
61,Australia,2015,48.87,48.21,41.67,14.39,12.79,8.72,8.52,5.19,0.65,0.94,29.1,31.67,25.3,70.05,56.38
246,Barbados,2015,54.97,75.03,14.74,21.61,21.05,14.09,1.07,3.71,0.88,0.91,11.8,13.68,10.6,69.78,69.55
32,Belgium,2015,40.26,31.89,48.48,10.85,6.24,3.75,6.13,1.61,0.66,0.63,19.5,39.72,27.5,54.51,54.18
267,Botswana,2015,57.81,74.11,18.86,61.85,33.23,4.6,1.56,1.41,0.82,0.79,31.7,20.27,10.6,82.01,70.12
55,Brazil,2015,42.38,58.27,44.74,24.37,20.98,18.89,0.99,1.11,0.94,0.67,6.8,19.69,5.9,80.08,77.66
359,Bulgaria,2015,15.84,35.17,33.28,5.34,3.46,5.44,0.35,0.87,0.72,1.06,7.3,8.62,8.7,71.51,57.53
226,Burkina Faso,2015,58.1,78.05,17.89,45.87,29.75,27.78,0.58,1.36,0.79,0.86,13,11.63,0.3,83.38,73.79
237,Cameroon,2015,60.75,73.09,23.9,33.09,25.37,12.85,0.67,1.26,0.87,0.91,13.3,14.8,5.4,64.82,61.13
101,Canada,2015,53.19,50.49,39.47,11.64,14.72,8.85,7.06,4.14,0.84,1.08,24.2,36.13,21,,
56,Chile,2015,57.35,65.72,28.06,50.03,25.93,8.16,5.23,2.42,0.74,0.76,33.6,54.4,18.7,64.89,69.65
86,China,2015,31.71,27.42,39.96,19.52,12.84,3.12,1.36,1.12,0.67,1.13,35,25.82,8.1,77.62,65.94
57,Colombia,2015,58.26,59.47,33.2,48.22,22.67,5.17,2.31,1.7,0.68,0.97,54.3,29.7,20.6,69.84,72.28
385,Croatia,2015,22.3,47.52,34.42,17.21,7.69,2.81,4.86,1.02,0.59,0.87,30.4,16.95,22.5,42.34,61.46
593,Ecuador,2015,52.71,72.25,28.62,46.32,33.56,17.4,0.88,1.13,0.95,0.92,9.3,27.78,5.9,67.12,61.63
20,Egypt,2015,46.07,41.52,29.5,36.75,7.39,2.9,1.33,0.79,0.33,0.73,25.7,22.28,2.4,79.57,73.56
372,Estonia,2015,51.43,44.02,39.3,16.68,13.14,7.74,6.29,4.17,0.58,1.04,30,39.54,25.9,62.61,53.44
358,Finland,2015,48.62,37.39,32.62,10.86,6.59,10.21,5.83,4.19,0.47,0.85,18.2,19.69,31.4,84.89,33.17
49,Germany,2015,38.27,36.19,42.29,7.18,4.7,4.82,4.51,3.75,0.54,0.92,21,34.24,24.8,75.7,50.77
30,Greece,2015,14.19,46.78,46.86,8.29,6.75,13.09,1.03,1.54,0.79,0.94,4.3,23.96,19.4,67.79,60.93
502,Guatemala,2015,47.89,59.98,31.02,36.85,17.71,8.08,1.24,0.89,0.63,0.72,11.9,37.07,6.8,79.79,95.62
36,Hungary,2015,25.34,38.67,41.82,14.75,7.92,6.49,2.12,2.18,0.53,0.74,31.4,18.62,11.9,68.39,48.35
91,India,2015,37.79,37.84,44.01,9.15,10.83,5.5,0.31,1.81,0.58,1.07,3.5,51.08,1.3,46.65,39.33
62,Indonesia,2015,49.91,65.29,39.49,27.47,17.67,17.15,0.21,1.92,1.01,0.94,3.1,17.27,4.3,81.45,74.38
98,Iran,2015,40.31,61.99,38.1,34.96,12.93,14.04,0.95,1.68,0.48,1,20.6,12.1,13.5,82.3,56.27
353,Ireland,2015,39.35,45.02,40.87,14.57,9.33,5.6,6.6,1.99,0.44,1.16,33,44.79,29.6,80.27,52.62
972,Israel,2015,55.5,41.56,47.76,21.59,11.82,3.9,6.55,3.29,0.65,1.02,23.6,30.78,32.9,86.24,64.48
39,Italy,2015,25.66,30.54,57.46,8.15,4.87,4.51,1.38,1.61,0.43,1.15,5,27.98,19.3,68.99,60.92
701,Kazakhstan,2015,48.72,52.06,75.42,17.49,11,2.39,0.95,0.87,0.84,0.97,34.4,18.35,9.7,83.9,76.91
371,Latvia,2015,34.73,49.08,38.6,22.24,14.11,9.59,3.34,3.01,0.52,0.99,31.4,26.32,19.5,58.18,57.5
961,Lebanon,2015,45.67,69.83,17.41,43.95,30.15,17.96,3.26,2.09,0.69,0.9,11.2,38.36,5.4,,
352,Luxembourg,2015,48.18,43.96,42.58,13.48,10.19,3.28,6.43,5.6,0.75,0.98,11.3,48.47,36.1,68.81,44.06
60,Malaysia,2015,28.24,27.83,27.13,5.61,2.93,4.78,0.27,4.9,1.05,1,8.6,10.4,13.7,50.98,39.28
52,Mexico,2015,44.73,45.81,36.44,13.69,21.01,6.86,1.17,2.94,0.83,0.91,10.1,18.31,4.1,52.02,49.31
212,Morocco,2015,34.25,47.56,41.08,30.18,4.44,5.16,0.37,1.52,0.47,0.92,16.5,12.58,3.2,54.57,70.63
31,Netherlands,2015,48.36,40.55,33.17,9.43,7.21,9.87,6.27,4.45,0.32,1.17,21,26.39,33.9,64.55,79.2
389,North Macedonia,2015,37.77,54.44,34.33,23.32,6.11,5.91,2.28,0.51,0.41,0.96,22.2,17.03,11.4,57.07,67.1
47,Norway,2015,68.93,30.76,33.41,4.78,5.66,6.53,9.89,6.26,0.51,1.09,15.8,13.97,36.5,,
507,Panama,2015,46.51,49.42,23.07,13.94,12.8,4.2,0.5,0.86,0.9,0.97,2,28.13,5.1,,
51,Peru,2015,51.36,65.31,25.53,38.56,22.22,6.61,0.73,2.12,1.03,0.86,16,15.86,6.8,69.74,72.27
63,Philippines,2015,53.77,68.99,36.45,37.11,17.16,7.25,2.35,1.62,1.31,0.87,10.2,31.84,2.7,76.15,74.63
48,Poland,2015,32.89,55.92,47.8,19.97,9.21,5.92,4.04,1.65,0.48,0.88,26.1,22.44,24.5,55.69,60.45
351,Portugal,2015,28.07,48.85,40.8,16.17,9.49,7,3.96,1.46,0.54,0.8,17.1,27.21,18.5,62.93,63.43
787,Puerto Rico,2015,25.05,50.37,17.73,11.12,8.48,1.41,0.61,1.65,0.72,0.94,9.8,24.29,5.6,47.57,16.73
40,Romania,2015,33.31,46.33,40.49,29.01,10.83,7.47,4.61,1.21,0.53,1.07,39.8,30,17.6,75.07,72.42
221,Senegal,2015,69.91,89.05,15.91,66.64,38.55,18.82,2.27,1.92,0.91,0.78,22.7,8.21,3.5,,
421,Slovakia,2015,26.44,52.38,33.65,15.69,9.64,5.69,3.64,1.65,0.5,0.94,28.5,20.73,32.6,64.23,50.76
386,Slovenia,2015,20.54,48.61,32.39,9.11,5.91,4.21,5.59,1.9,0.39,0.98,20.5,30.71,19.6,70.03,53.69
27,South Africa,2015,40.91,45.44,30.32,10.93,9.19,3.41,0.3,1.13,0.6,0.91,25.7,30.13,8.9,76.14,73.79
82,South Korea,2015,14.39,27.41,38.11,6.62,9.25,6.96,2.4,2.55,0.72,1.01,15.6,31.34,15.7,53.52,37.97
34,Spain,2015,25.97,45.26,39.15,5.59,5.7,7.7,1.09,1.8,0.79,0.93,8.7,23.91,29.3,48.38,53.17
46,Sweden,2015,70.22,36.7,36.45,8.44,7.16,5.2,6.36,5.71,0.51,0.97,16.1,32.74,30.8,69.81,52.66
41,Switzerland,2015,41.79,44,33.8,7.04,7.31,11.33,6.49,6.53,0.54,0.94,19.3,38.47,31.9,66.51,39.99
886,Taiwan,2015,30.22,25.43,43.79,26.09,7.3,9.61,4.07,3.78,0.5,0.91,41.8,16.65,15.1,62.65,74
66,Thailand,2015,41,46.22,46.62,16.73,13.74,24.61,0.72,4.42,1.16,0.9,8.8,19.02,4.2,69.39,71.5
216,Tunisia,2015,48.79,59.93,40.25,28.8,10.13,5.02,1.87,3.56,0.36,0.93,40.1,32.17,15.3,72.1,71.1
44,United Kingdom,2015,41.55,43.57,34.93,8.16,6.93,5.26,4.08,2.14,0.53,1.09,19,36.01,34.5,79.24,57.85
1,United States,2015,46.63,55.71,29.36,12.35,11.88,7.33,6.96,4.82,0.63,0.91,31.7,36.01,31.2,,
598,Uruguay,2015,39.18,61.04,24.43,25.44,14.28,2.09,4.2,2.95,0.45,0.94,25.9,27.02,17.8,56.75,58.81
84,Vietnam,2015,56.8,56.83,45.57,22.26,13.65,19.55,0.55,1.55,1.34,0.78,9.5,16.48,3.3,75.77,73.29
244,Angola,2014,69.75,61.68,44.81,39.34,21.5,6.5,2.89,1.78,0.89,0.95,13.22,18.91,3.16,81.65,75.1
54,Argentina,2014,31.91,57.78,23.54,27.83,14.41,9.09,2.43,1.55,0.63,0.8,21.57,24.62,19.5,52.2,57.82
61,Australia,2014,45.72,46.8,39.21,10.02,13.14,9.8,8.37,3.62,0.65,0.99,25.85,30.81,32.77,67.09,53.35
43,Austria,2014,44.4,48.67,34.92,8.15,8.71,9.86,5.62,3.41,0.68,0.98,11.62,35.31,35.01,,
246,Barbados,2014,38.16,63.51,23.44,11.48,12.71,7.09,0.81,3.65,0.78,0.98,12.28,25.69,12.9,58.5,57.61
32,Belgium,2014,35.93,30.4,49.35,10.55,5.4,3.54,5.42,1.41,0.41,0.83,15.4,30.94,28.97,51.73,52.41
501,Belize,2014,49.55,69,32.63,10.09,7.14,3.74,4.6,3.64,0.83,0.97,19.06,23.46,10.53,55.46,57.8
591,Bolivia,2014,57.67,73.11,38.39,46.94,27.4,7.59,0.56,2.26,0.84,0.88,18.53,27.88,8.29,77,70.26
387,Bosnia and Herzegovina,2014,19.59,47.3,26.8,20.43,7.42,6.67,1.93,0.49,0.4,0.73,28.74,17.1,13.4,69.94,78.15
267,Botswana,2014,57.16,67.14,13.7,63.37,32.79,4.95,2.69,1.81,0.89,0.86,33.16,29.88,10.94,78.11,69.94
55,Brazil,2014,55.54,49.96,35.56,24.5,17.23,17.51,1.04,2,1.03,0.79,9.59,12.65,8.92,,
226,Burkina Faso,2014,63.61,65.89,23.75,42.34,21.71,17.68,0.26,2.37,0.74,0.76,15.81,14.03,3.97,,
237,Cameroon,2014,69.34,73.77,22.8,55.57,37.37,11.5,1.92,1.21,0.83,0.8,18.72,13.97,6.97,,
101,Canada,2014,55.52,48.98,36.52,11.96,13.04,9.35,4.76,4.04,0.61,0.88,26.5,35.14,34.76,69.72,57.25
56,Chile,2014,67,64.87,28.39,50.14,26.83,8.79,5.13,3.53,0.79,0.81,40.1,55.16,17.07,64.43,69.43
86,China,2014,31.88,32.97,39.5,19.33,15.53,11.59,0.46,1.37,0.84,0.88,13.65,19.63,5.11,72.91,65.68
57,Colombia,2014,65.74,57.41,30.7,47.01,18.55,4.86,3.7,1.55,0.64,0.84,57.16,36.12,15.42,67.13,70.45
506,Costa Rica,2014,39,59.39,36.83,28.95,11.33,2.53,0.53,3.29,0.94,0.88,15.88,23.18,10.82,59,61.33
385,Croatia,2014,18.43,45.91,30.3,19.5,7.97,3.61,3.62,0.62,0.42,0.95,33.88,20.14,30.64,46.58,63.27
45,Denmark,2014,59.66,34.88,40.99,6.92,5.47,5.09,11.43,11.09,0.53,0.98,19.09,46.34,43.43,,
593,Ecuador,2014,62.02,72.81,30.67,43.1,32.61,17.67,0.33,1.19,0.97,0.91,9.2,23.75,8.03,67.13,66.43
503,El Salvador,2014,44.69,70.81,34.9,23.06,19.48,12.73,0.31,1.71,1.02,0.96,5.94,8.69,2.45,59.49,82.57
372,Estonia,2014,49.44,42.47,41.77,9.85,9.43,5.7,3.59,2.72,0.69,0.96,20.31,34.9,30.06,64.93,55.56
358,Finland,2014,42.38,34.88,36.76,7.94,5.63,6.6,4.46,4.04,0.7,0.96,15.7,23.08,23.85,84.4,41.24
33,France,2014,28.26,35.44,41.18,14.2,5.34,2.94,3.81,4.31,0.6,0.84,24.2,40.13,31.42,70.43,59.05
995,Georgia,2014,36.58,37.54,34.78,15.58,7.22,7.28,0.37,0.64,0.8,0.85,18.47,21.58,4.28,75.92,65.99
49,Germany,2014,37.59,36.4,39.95,5.93,5.27,5.15,4.45,2.32,0.61,0.94,20.04,24,37.3,79.1,51.66
30,Greece,2014,19.91,45.54,61.58,9.53,7.85,12.84,0.77,0.88,0.59,0.77,8.87,23.91,14.43,66.42,58.42
502,Guatemala,2014,45.38,64.17,33.03,35.79,20.39,7.36,0.46,0.96,0.69,0.9,5.03,29.61,7.61,76.92,95.33
36,Hungary,2014,23.4,40.94,41.96,13.89,9.33,7.95,2.8,1.09,0.39,0.85,33.73,23.35,22.15,72.38,47.39
91,India,2014,38.91,36.7,37.67,7.66,6.6,3.73,0.1,1.15,0.54,1.18,7.72,43.52,5.83,66.16,57.93
62,Indonesia,2014,45.46,60.2,38.12,27.36,14.2,11.9,0.48,1.85,1.15,0.95,4.38,21.04,11.98,77.96,72.86
98,Iran,2014,27.68,59.45,32.7,25.48,16.02,10.92,1.39,1.28,0.49,1.06,24.32,11.19,10.65,75.61,52.26
353,Ireland,2014,33.36,47.24,39.33,7.16,6.53,9.91,6.67,1.64,0.48,0.8,32,36.86,34.39,76.88,49.39
39,Italy,2014,26.57,31.31,49.1,11.4,4.42,4.27,0.76,2.84,0.55,1.1,12.43,21.21,22.61,72.09,65.05
876,Jamaica,2014,57.05,81.23,22.04,35.33,19.27,14.44,0.42,1.04,0.82,0.85,9.79,13.9,3.17,84.05,83.5
81,Japan,2014,7.27,12.23,54.51,2.52,3.83,7.18,1.1,3.63,0.25,0.98,27.08,25.27,25.02,55.81,30.98
701,Kazakhstan,2014,26.5,52.54,23.83,15.41,13.72,7.43,1.05,1.28,0.92,0.94,27.78,22.22,6.96,74.35,78.62
383,Kosovo,2014,65.62,65.2,26.73,6.31,4.03,2.06,0.16,1.32,0.69,0.79,14.97,28.55,10.97,76.18,68.28
370,Lithuania,2014,31.66,33.44,44.77,19.65,11.32,7.84,5.08,2.23,0.42,0.87,28.73,29.55,16.81,58.33,68.81
352,Luxembourg,2014,42.54,37.56,42.01,11.86,7.14,3.7,7.26,5.06,0.6,0.98,21.42,53.36,40.2,68.18,40.66
60,Malaysia,2014,43.4,38.4,26.75,11.63,5.91,8.46,,3.65,1.33,0.92,2.51,20.22,13.48,49.95,50.37
52,Mexico,2014,48.87,53.48,29.61,17.4,18.99,4.48,0.72,2.23,0.93,0.94,9.4,18.15,3.95,50.76,53.22
31,Netherlands,2014,45.55,44.26,34.79,9.29,9.46,9.59,6.99,4.01,0.63,1.02,14.32,26.37,29.77,67.77,79.11
47,Norway,2014,63.45,30.54,37.56,4.99,5.65,5.35,7.9,19.5,0.55,0.93,12.39,18.58,36.28,83.47,58.16
507,Panama,2014,43.26,54.38,14.63,19.67,17.06,3.44,0.2,2.29,0.9,0.93,5.56,8.19,6.43,,
51,Peru,2014,62.31,69.42,29.11,50.6,28.81,9.24,1.67,3.59,0.94,0.92,10.65,14.49,7.45,81.38,82.43
63,Philippines,2014,45.89,66.15,37.68,42.84,18.38,6.16,0.63,1.14,1.31,0.72,5.94,27.18,1.12,78.13,81.8
48,Poland,2014,31.35,54.3,51.11,15.56,9.21,7.3,3.37,1.28,0.48,0.99,25.73,32.01,24.36,56.45,63.28
351,Portugal,2014,22.87,46.59,38.38,15.81,9.97,7.58,3.24,1.8,0.72,0.9,18.69,26.93,22.21,62.94,62.23
787,Puerto Rico,2014,25.08,48.84,24.01,12.45,10.04,1.27,1.8,2.49,0.81,0.98,7.62,40.07,10.55,51.13,18.51
974,Qatar,2014,63.38,60.94,25.54,50.36,16.38,3.54,11.47,2.53,0.53,1.1,31.99,28.58,22.81,87.06,75.83
40,Romania,2014,32.41,48.44,41.25,31.7,11.35,7.6,4.94,1.72,0.41,0.99,41.15,16.67,21.11,75.22,73.64
7,Russia,2014,26.5,27.83,39.49,3.53,4.69,3.95,0.51,1.07,0.64,0.93,21.72,14.54,14.36,65.93,67.12
65,Singapore,2014,16.71,21.35,39.4,9.44,10.96,2.88,4.84,6.21,0.48,0.96,35.77,20.47,22.79,62.91,51.73
421,Slovakia,2014,23.5,54.4,35.96,15.14,10.9,7.8,4.85,1.59,0.52,0.98,31.19,33.95,25.25,58.05,45.42
386,Slovenia,2014,17.25,48.6,29,11.36,6.33,4.76,4.73,1.76,0.51,0.81,19.55,39.51,33.44,72.31,53.39
27,South Africa,2014,37,37.65,25.37,10.05,6.97,2.68,0.26,1.26,0.81,1,25.67,32.46,11.55,72.92,69.58
34,Spain,2014,22.61,48.13,38.03,7.09,5.47,7.03,1.83,1.12,0.72,0.88,15.7,26.88,28.66,48.99,53.94
597,Suriname,2014,41.03,77.36,16.1,4.55,2.1,5.17,0.44,7.34,0.58,0.77,5.08,5.08,3.95,67.18,66.75
46,Sweden,2014,70.07,36.65,36.53,8.47,6.71,6.46,5.78,7.1,0.4,0.94,19.12,36.62,46.84,70.9,51.58
41,Switzerland,2014,43.67,41.59,28.98,7.07,7.12,9.1,6.07,4.05,1.02,0.88,16.44,27.12,31.76,65.81,42.3
886,Taiwan,2014,33.47,29,37.39,25.56,8.49,12.19,7.6,4.98,0.67,0.97,43.78,26.99,18.56,62.57,75.22
66,Thailand,2014,47.35,50.12,42.44,21.75,23.3,33.06,2.05,4,0.9,0.99,6.66,24.51,5.72,71.11,73.6
868,Trinidad and Tobago,2014,58.62,75.23,16.79,33.91,14.62,8.48,1.58,5.35,0.82,0.98,27.47,15.96,10.21,69.5,79.47
256,Uganda,2014,76.91,84.86,12.55,60.19,35.53,35.94,2.32,2.87,1.1,0.92,6.22,7.56,1.65,,
44,United Kingdom,2014,40.99,46.44,36.84,6.88,10.66,6.5,7,4.09,0.55,1.01,21.33,21.45,27.19,74.99,60.3
1,United States,2014,50.85,53.34,29.66,12.08,13.81,6.95,6.46,4.96,0.68,0.93,34.21,36.71,35.53,76.87,64.73
598,Uruguay,2014,45.56,63.12,26.71,24.82,16.08,6.74,3.82,1.71,0.69,0.89,32.91,34.3,11.64,56.72,62.13
84,Vietnam,2014,39.36,58.2,50.13,18.2,15.3,22.15,0.3,1.79,1.02,0.98,7.52,14.38,5.14,75.92,67.15
213,Algeria,2013,61.86,55.51,32.95,36.02,4.89,5.45,0.64,2.92,0.51,1.08,10.66,11.48,18.85,84.23,79.59
244,Angola,2013,56.67,56.32,63.66,38.25,22.23,8.52,,1.54,0.84,0.97,9.28,12.25,6.24,72.64,66.77
54,Argentina,2013,40.87,61.75,24.92,31.02,15.93,9.62,,1.59,0.67,0.79,24.45,15.55,16.42,,
246,Barbados,2013,45.69,74.5,17.34,18.38,21.67,12.38,,3.7,0.82,0.93,11.56,18.89,5.46,72.34,67.95
32,Belgium,2013,31.5,33.85,46.55,7.85,4.92,5.94,,1.51,0.54,0.85,18.06,27.35,28.35,52.2,54.8
387,Bosnia and Herzegovina,2013,23.26,50.5,26.08,21.76,10.34,4.51,4,0.37,0.53,0.67,26.97,22.73,9.72,71.92,82.27
267,Botswana,2013,65.9,67.44,18.6,59.2,20.85,3.44,0.87,1.98,0.91,0.82,30.55,20.31,9.84,83.7,80.73
55,Brazil,2013,50.93,52.62,38.72,27.2,17.31,15.44,,2.01,1.01,0.87,8.05,0.76,7.32,82.21,84.62
101,Canada,2013,57.35,48.45,35.22,13.53,12.19,8.44,,4.43,0.68,0.94,27.14,32.39,42.64,70.13,60.64
56,Chile,2013,68.4,59.63,28.01,46.49,24.33,8.46,3.57,2.87,0.63,0.82,31.8,52.06,15.06,67.25,69.12
86,China,2013,33.07,36.29,34.3,14.42,14.02,11.04,0.6,1.06,0.77,0.82,22.94,21.7,10.24,73.53,69.61
57,Colombia,2013,67.7,57.84,31.75,54.54,23.71,5.85,,1.48,0.57,0.82,53.81,49.47,12.43,71.36,90.85
385,Croatia,2013,17.58,47.18,35.18,19.6,8.27,3.28,,0.8,0.45,0.86,26.16,22.01,22.3,43.07,61.47
420,Czech Republic,2013,23.08,42.59,35.75,13.73,7.33,5.26,,2.65,0.39,0.91,24.71,27.51,28.2,47.78,
593,Ecuador,2013,57.29,74.27,34.91,39.91,35.97,17.99,1.87,0.95,0.83,0.82,16.51,34.56,7.9,67.66,66.48
372,Estonia,2013,46.07,39.96,38.83,19.39,13.11,5.01,,3.38,0.55,0.92,22.38,34.75,22.18,58.59,53.21
358,Finland,2013,43.8,33.26,36.73,8.34,5.29,6.65,5.74,3.68,0.61,1.11,16.99,21.59,26.09,85.46,44.3
33,France,2013,22.87,33.15,41.13,12.59,4.57,4.09,,3.89,0.5,0.93,18.22,27.58,30.1,70.03,55.3
49,Germany,2013,31.3,37.72,38.58,6.84,4.98,5.07,,2.98,0.65,0.94,19.55,26.02,30.1,75.23,49.4
233,Ghana,2013,69.27,85.77,24.64,45.6,25.82,25.93,,1.32,1.19,0.8,8.51,14.73,1.72,94.08,81.64
30,Greece,2013,13.54,45.99,49.33,8.77,5.51,12.6,,1.53,0.41,0.88,7.08,28.74,27.04,65.07,60.06
502,Guatemala,2013,58.78,66.45,33.32,38.95,12.28,5.07,,1.41,0.73,0.87,3.46,34.37,6.6,71.47,86.77
36,Hungary,2013,18.87,37.5,44.82,13.73,9.68,7.2,3.62,1.38,0.57,0.68,22.55,15.81,21.53,74.11,45.67
91,India,2013,41.43,55.78,38.91,22.79,9.88,10.66,,0.93,0.49,1,5.54,20.94,3.93,70.36,61.49
62,Indonesia,2013,46.68,62.01,35.19,35.06,25.52,21.2,,1.72,0.96,0.96,1.75,11.75,3.6,79.84,70.83
98,Iran,2013,36.99,56.52,36.42,30.62,12.32,10.59,2.49,0.94,0.36,0.96,24.32,13.9,7.19,82.39,64.1
353,Ireland,2013,28.28,43.14,40.43,12.59,9.25,7.5,,2.43,0.53,0.99,27.71,32.65,20.5,81.22,49.62
972,Israel,2013,46.5,36.17,51.76,23.97,10.04,5.94,,2.83,0.48,1.03,23.84,34.13,31.91,80.3,60.61
39,Italy,2013,17.34,29.11,48.59,9.8,3.43,3.67,,0.98,0.43,0.77,7.96,19,24.55,72.43,65.55
876,Jamaica,2013,51.23,79.14,27.05,39.51,13.75,6.28,,0.84,0.8,0.67,5.34,16.28,4.67,80.93,79.36
81,Japan,2013,7.65,12.86,49.35,4.09,3.72,5.71,,2.38,0.55,0.85,39.55,22.37,23.54,52.76,31.3
371,Latvia,2013,34.8,47.85,41.62,22.69,13.25,8.84,,2.48,0.61,1.01,36.67,31.53,23.11,59.48,61.36
218,Libya,2013,52.26,58.63,33.05,62.07,11.15,3.44,,7.41,0.49,1.05,28.28,26.14,8.65,84.35,85.17
370,Lithuania,2013,28.72,35.38,41.65,22.43,12.43,8.34,6.79,2.37,0.45,0.93,31.1,25.26,24.21,57.2,68.63
352,Luxembourg,2013,45.57,43.28,42.91,14.13,8.69,2.39,,10.04,0.49,0.89,16.93,47.87,38.42,70.6,39.41
265,Malawi,2013,78.9,89.48,15.14,66.69,28.11,12.03,,0.67,0.95,0.75,0.84,28.21,0.69,,
60,Malaysia,2013,40.72,27.98,33.31,11.82,6.6,6.03,0.51,3.53,0.72,1.12,6.3,16.9,8.13,44.98,41.83
52,Mexico,2013,53.6,58.52,31.65,16.93,14.83,4.18,,3.89,0.77,1,20.48,20.48,5.44,62.34,57.76
264,Namibia,2013,68.31,73.95,32.08,52.39,33.34,7.89,1.59,0.98,1.07,0.79,20.53,40.08,5.85,65.89,71.76
31,Netherlands,2013,32.66,42.38,36.81,9.08,9.27,8.68,,8.41,0.58,0.93,12.64,28.87,32.13,66.2,79.49
234,Nigeria,2013,84.66,87.04,16.33,46.81,39.86,17.51,0.46,2.06,1.04,1,20.91,18.3,5.41,61.89,81.15
389,North Macedonia,2013,37.15,49.69,35.57,29.11,6.63,7.29,,0.38,0.41,0.87,25.54,13.82,12.04,67.89,69.49
47,Norway,2013,63.67,34.18,35.25,5.23,6.25,6.15,,15.2,0.41,0.93,15.2,15.2,35.83,75.48,49.33
507,Panama,2013,58.73,66.39,28.91,26.96,20.64,3.5,,2.14,0.73,0.91,9.7,12.23,6.37,59.24,64.38
51,Peru,2013,60.96,62.2,25.68,33.91,23.38,5.42,0.85,2.41,0.72,0.87,14.76,12.01,4.1,71.21,70.42
63,Philippines,2013,47.94,68.4,36.19,44.12,18.52,6.61,0.4,0.87,0.94,0.86,4.95,24.76,5.28,79.27,84.86
48,Poland,2013,26.06,51.77,46.72,17.27,9.28,6.47,4.28,0.69,0.5,0.92,36.18,26.65,14.94,59.89,66.81
351,Portugal,2013,20.24,48.75,40.09,13.24,8.25,7.72,,2.36,0.54,0.93,20.46,34.31,28.02,,
787,Puerto Rico,2013,28.34,53.03,24.63,13.08,8.28,2.03,2.5,1.99,0.57,1,11.5,16.54,6.77,50.15,17.93
40,Romania,2013,28.86,45.87,37.26,23.65,10.13,5.35,5.05,1,0.64,1.01,39.24,21.46,17.78,72.57,73.61
7,Russia,2013,18.19,28.15,29.04,2.6,5.75,3.41,,1.19,0.86,0.93,23.18,12.87,12.07,68.02,65.73
65,Singapore,2013,22.24,24.76,39.78,15.09,10.68,4.2,,8.18,0.62,1.02,44.18,20.95,25.32,59.38,50.94
421,Slovakia,2013,16.1,51.01,33.17,16.39,9.52,5.39,4.36,1,0.62,1.36,25.8,23.12,24.46,58.53,49.22
386,Slovenia,2013,16.06,51.48,29.61,12.37,6.45,5.68,6.1,2.22,0.46,0.87,30.03,36.3,36.93,68.1,57.38
27,South Africa,2013,37.85,42.68,27.33,12.76,10.59,2.86,0.78,1.04,0.73,0.9,25.61,49.15,12.46,74.72,74.02
82,South Korea,2013,12.73,28.1,42.29,12.07,6.85,9.01,3.97,1.4,0.4,1.06,19.72,18.27,19.49,67.8,51.31
34,Spain,2013,16.01,48.39,36.3,8.43,5.21,8.39,,1.13,0.67,0.93,11.67,22.86,27.94,52.34,54.31
597,Suriname,2013,52.72,53.51,24.36,13.14,5.13,1.71,,3.24,0.51,1.14,4.89,17.93,2.93,79.29,75.55
46,Sweden,2013,64.45,38.8,36.59,9.53,8.25,6.03,,6.03,0.61,1.01,12.72,28.89,40.36,71.51,52.03
41,Switzerland,2013,41.52,44.72,28.24,9.78,8.18,9.96,,8.97,0.97,1.04,13.82,27.57,30.96,64.96,40.51
886,Taiwan,2013,42.03,27.22,40.69,27.81,8.16,8.28,,1.6,0.48,0.99,40.64,23.07,16.29,64.45,72.98
66,Thailand,2013,45.34,44.38,49.32,18.47,17.66,28.02,1.66,3.63,0.96,0.89,14.17,20.07,7.69,74.83,74.52
868,Trinidad and Tobago,2013,58.01,75.26,19.75,28.69,19.48,11.4,,6.76,0.67,0.99,27.25,11.19,2.96,72.02,79.54
90,Turkey,2013,38.63,52.24,30.39,28.06,9.95,5.67,,1.77,0.47,0.98,52.36,31.6,20.03,73.95,64.03
256,Uganda,2013,81.1,83.84,15.03,60.72,25.21,36.09,,1.89,0.99,0.88,3.38,9.86,1.78,95.29,88.25
44,United Kingdom,2013,35.54,43.85,36.4,7.19,7.14,6.55,8.52,2.8,0.63,0.94,20.2,27.94,35.82,79.33,54.06
1,United States,2013,47.16,55.74,31.11,12.18,12.73,7.49,,2.7,0.69,1.02,28.01,34.24,37.19,,
598,Uruguay,2013,47.9,61.14,26.85,25.3,14.08,4.91,6.65,3.07,0.46,0.87,22.94,33.32,22.67,55.97,58.07
84,Vietnam,2013,36.81,48.65,56.74,24.07,15.35,16.35,2.7,2.48,0.83,0.99,19.87,16.94,7.19,81.54,63.4
260,Zambia,2013,76.8,79.65,15.4,44.45,39.91,16.55,,0.96,1.04,0.93,3.37,7.86,2.59,71.25,66.51
213,Algeria,2012,45.67,54.1,35.44,21.27,8.75,3.32,0.58,1.58,0.44,,11.34,20.16,10.87,81.03,78.94
244,Angola,2012,66.17,72.05,37.94,69.61,32.39,9.06,,1.61,0.89,,20.3,21.49,3.53,,
54,Argentina,2012,50.08,63.46,27.02,29.2,18.88,9.63,,1.35,0.59,,20.23,29.35,17.35,66.87,74.23
43,Austria,2012,49.21,49.61,35.96,8.57,9.58,7.61,,3.53,0.74,,10.14,33.55,40.13,75.82,46.42
246,Barbados,2012,47.01,69.86,17.27,22.99,17.12,12.23,,5.05,0.88,,15.28,13.37,14.51,,
32,Belgium,2012,33.29,37.11,40.83,9.06,5.2,5.12,7.26,3.44,0.34,,20.61,36.83,22.59,57.38,62.27
387,Bosnia and Herzegovina,2012,19.57,49.11,26.94,21.94,7.78,6,4.2,0.35,0.49,,27.78,13.25,6.42,72.3,80.85
267,Botswana,2012,66.7,70.59,24.79,71.94,27.66,6.33,2.06,1.44,0.85,,33.01,22.72,9.08,73.3,76.12
55,Brazil,2012,52.4,53.94,31.05,36.47,15.44,15.19,,1.95,0.91,,11.42,1.2,13.64,86.04,89.04
56,Chile,2012,64.91,59.91,27.99,43.12,22.58,7.77,4.79,3.96,0.73,,32.24,56.23,13.49,67.78,69.74
86,China,2012,32.24,37.6,35.82,20.39,12.83,12.45,0.59,1.07,0.75,,18.23,21.06,2.89,76.13,71.67
57,Colombia,2012,71.8,56.57,32.04,56.66,20.11,6.72,,3.85,0.77,,47.9,41.63,16.77,75.49,89.22
506,Costa Rica,2012,47.14,63.26,35.26,33.35,15.04,3.33,1.91,2.37,0.54,,19.87,13.68,9.45,71.79,71.72
385,Croatia,2012,17.15,44.06,36.04,19.26,8.27,3.06,4.44,1.04,0.41,,27.22,22.58,26.66,41.73,64.18
45,Denmark,2012,44.41,31.02,39.26,6.64,5.36,3.45,12.62,8.58,0.41,,25.72,44.41,34.28,,
593,Ecuador,2012,58.55,72.1,32.85,51.04,26.61,18.92,0.9,0.84,1.07,,9.01,40.15,8.07,84.14,88.11
20,Egypt,2012,53.72,58.66,32.96,42.28,7.82,4.15,1.04,0.68,0.18,,42.27,12.27,8.62,87.22,83.01
503,El Salvador,2012,42.74,58.51,41.72,39.84,15.26,9.39,,1.11,0.87,,23.01,29.45,6.23,71.9,72.86
372,Estonia,2012,45.24,43.19,34.49,16.38,14.26,7.24,7.3,2.7,0.51,,32.44,37.66,26.5,62.54,54.77
251,Ethiopia,2012,64.89,69.1,32.66,23.84,14.73,10.2,0.57,3.4,0.78,,13.6,13.72,5.54,91.85,76.2
358,Finland,2012,55.33,34.32,36.52,7.73,5.98,8.04,,3.5,0.52,,16.61,28.49,27.9,83.38,45.11
33,France,2012,37.52,35.66,42.84,17.29,5.17,3.23,,3.25,0.63,,23.43,44.9,33.37,76.82,64.54
49,Germany,2012,36.16,37.09,41.91,6.01,5.34,4.95,,2.34,0.5,,23.1,31.77,30.45,76.4,48.92
233,Ghana,2012,79.29,86.26,18.23,60.36,36.52,37.74,,1.85,1.09,,14.89,10.2,0.72,91.31,84.02
30,Greece,2012,12.95,50,61.29,9.51,6.51,12.27,1.64,1.07,0.51,,11,23.33,24.45,68.3,64.36
36,Hungary,2012,10.95,39.83,34.28,12.96,9.22,8.1,2.14,1.13,0.45,,25.8,20.76,23.4,74.02,41.49
98,Iran,2012,39.17,54.15,41.42,22.78,10.79,9.53,0.74,0.86,0.38,,16.42,7.95,11.25,72.97,60.19
353,Ireland,2012,25.55,45.16,35.37,5.43,6.15,8.32,,1.44,0.48,,31.45,37.33,34.79,81.41,45.41
972,Israel,2012,30.62,29.31,46.76,12.81,6.53,3.78,4.24,2.41,0.72,,21.33,29.15,24.05,72.39,59.47
39,Italy,2012,19.8,29.97,57.68,10.76,4.32,3.32,,1.42,0.51,,10.37,29.34,24.94,69.74,66.68
81,Japan,2012,6.37,9,53.13,2.49,3.99,6.11,,3.21,0.35,,32.03,21.73,24.49,54.79,29.67
371,Latvia,2012,33.05,43.56,36.74,21.85,13.39,7.93,,1.82,0.43,,48.43,34.59,16.87,53.33,59.66
370,Lithuania,2012,29.99,39.83,35.78,17.98,6.69,8.24,5.79,2.09,0.44,,41.79,20.9,28.81,52.88,63.12
265,Malawi,2012,74.29,84.53,12.37,70.26,35.56,10.8,,1.02,0.82,,1.6,36.61,0.84,,
60,Malaysia,2012,35.69,30.82,36.34,13.34,6.99,6.96,0.9,4.56,0.8,,12.82,17.13,6.09,50.88,45.59
52,Mexico,2012,44.99,62.34,25.66,18.39,12.11,4.67,1.23,3.86,0.99,,18.66,21.62,9.21,54.14,56
264,Namibia,2012,75.22,74,35.15,45.07,18.15,3.17,2.06,0.99,0.93,,,33.31,6.44,75.78,73.47
31,Netherlands,2012,34.4,42.3,30.45,8.63,10.31,9.49,,7.86,0.48,,11.69,27.51,27.95,65.15,79.33
234,Nigeria,2012,82.19,87.93,20.96,44.3,35.04,15.67,0.99,1.54,1.03,,23.12,19.86,6.06,76.01,81.69
389,North Macedonia,2012,30.79,55.11,39.43,27.74,6.97,6.73,,0.55,0.49,,27.73,20.52,11.67,66.73,69.59
47,Norway,2012,64.43,34.37,39.37,4.91,6.75,5.75,,9.4,0.36,,12.59,22.96,33.08,79.53,50.37
92,Pakistan,2012,46.48,48.74,31.24,24.51,11.57,3.78,0.17,0.45,0.06,,22.77,28.49,5.44,67.94,66.44
970,Palestine,2012,46.14,59.37,40.19,35.61,9.84,2.98,2.46,0.63,0.21,,25.61,21.48,8.93,80.43,84.56
507,Panama,2012,38.48,43.34,16.67,12.05,9.46,1.86,,2.91,1.23,,3.92,18.13,6.79,,
51,Peru,2012,56.99,65.47,30.36,45.06,20.21,5.1,1.72,2.27,0.77,,16.84,18.36,9.59,73,77.25
48,Poland,2012,20.42,53.89,43.45,21.57,9.36,5.81,,0.74,0.49,,22.48,32.15,18.1,57.08,67.93
351,Portugal,2012,16.19,46.8,42.3,14.37,7.67,6.23,,2.97,0.66,,18.05,31.57,23.75,,
40,Romania,2012,36.73,38.34,40.87,27.02,9.22,3.91,3.5,1.56,0.4,,39.83,30.66,17.26,73.58,71.15
7,Russia,2012,20.08,23.5,46.51,2.23,4.34,2.05,,0.86,0.64,,26.27,14.44,8.91,63.07,59.84
65,Singapore,2012,22.51,26.58,41.63,16.08,11.56,3.1,,3.69,0.76,,39.63,21.79,27.21,62.52,50.25
421,Slovakia,2012,17.84,49.73,38.32,11.83,10.22,6.38,4.6,1.21,0.49,,29.52,27.29,32.35,74.4,50.27
386,Slovenia,2012,19.62,51.32,27.28,13.25,5.42,5.79,5.88,8.69,0.32,,23.43,37.75,41.83,71.08,52.73
27,South Africa,2012,35.47,39.5,30.56,11.95,7.32,2.32,0.4,1.25,0.64,,27.03,42.92,12.28,73.99,74.15
82,South Korea,2012,12.52,26.93,43.01,12.98,6.64,9.57,2.07,1.32,0.21,,29.44,26.53,18.95,69.59,59.37
34,Spain,2012,13.9,50.38,41.76,11.13,5.7,8.74,,1.27,0.54,,9.31,30.58,25.65,63.71,63.64
46,Sweden,2012,66.48,36.99,32.61,10.96,6.44,5.25,,7.11,0.61,,15.72,21.15,38.23,,
41,Switzerland,2012,35.67,37.34,32.29,7.26,5.93,8.44,,3.18,0.85,,10.68,31.89,33.62,63.46,44.2
886,Taiwan,2012,38.55,26.38,37.6,25.49,7.54,10.38,,2.38,0.67,,37.77,18.85,15.77,62.85,70.36
66,Thailand,2012,44.61,45.97,50.06,18.98,18.94,29.69,1.11,4.04,1.19,,12.15,19.57,7.54,79.12,75.67
868,Trinidad and Tobago,2012,59.23,76.06,16.65,37.48,14.96,7.19,,3.97,0.79,,18.25,14.74,16.05,75.67,77.93
216,Tunisia,2012,32.55,62.18,14.88,21.58,4.78,4.37,0.36,1.19,0.43,,20.24,25.56,14.2,93.92,87.9
90,Turkey,2012,39.88,49.44,30.39,14.72,12.22,8.68,0.97,1.77,0.39,,36.56,24.89,16.29,76.14,67.07
256,Uganda,2012,80.69,87.69,15.25,79.08,35.76,31.25,,0.92,0.99,,6.36,9.53,1.2,,
44,United Kingdom,2012,32.82,47.13,36.01,9.52,8.98,6.16,10.08,2.33,0.54,,23.66,30.54,33,76.69,49.79
1,United States,2012,43.49,55.88,32.32,12.53,12.84,8.56,,2.78,0.69,,27.08,34.1,33.17,,
598,Uruguay,2012,51.03,57.81,27.18,19.9,14.63,4.97,5.02,2.17,0.5,,18,24.65,17.99,59.12,60.82
260,Zambia,2012,77.87,83.75,16.68,55.29,41.46,3.84,,1.44,0.93,,7.34,14.9,5.39,78.67,67.25
213,Algeria,2011,54.26,59.6,43.11,41.76,9.26,3.09,0.82,1.27,0.52,,26.23,20.63,13.57,81.8,80.25
54,Argentina,2011,56.03,63.76,27.86,29.95,20.78,11.82,3.21,1.35,0.69,,21.76,32.46,16.33,69.4,75.85
61,Australia,2011,47.83,47.42,43.22,12.26,10.5,9.06,6.16,4.86,0.67,,32.98,32.89,30.85,67.73,53.96
880,Bangladesh,2011,64.43,23.63,72.01,24.57,12.77,11.6,,1.83,0.21,,10.26,6.78,2.97,100,73.02
246,Barbados,2011,43.63,66.41,19.95,13.2,8,3.94,0.74,11.57,0.51,,13.78,21.04,12.55,63.93,59.92
32,Belgium,2011,42.97,43.99,40.73,10.89,5.69,6.79,9.37,6.94,0.66,,10.39,18.19,30.22,54.76,63.61
387,Bosnia and Herzegovina,2011,20.53,48.86,30.47,17.17,8.1,4.99,3.12,0.35,0.47,,21.71,12.81,14.89,71.02,82.17
55,Brazil,2011,43.06,52.78,31.43,28.22,14.89,12.23,1.02,1.47,0.95,,11.15,6.88,11.89,86.33,86.33
56,Chile,2011,56.56,62.06,27.04,46,23.69,7,3.46,1.98,0.8,,35.83,57.35,17.65,69.08,72.88
86,China,2011,48.84,43.9,35.64,42.81,24.01,12.67,2.09,0.71,0.87,,34.87,14.06,8.5,73.41,73.12
57,Colombia,2011,73.06,61.32,29.41,55.77,21.44,7.46,1.67,1.2,0.61,,42.9,38.4,13.66,78.68,89.41
385,Croatia,2011,18.25,48.97,34.26,17.88,7.32,4.2,4.44,0.87,0.47,,31.02,27.05,29.99,46.95,65.33
420,Czech Republic,2011,23.9,39.22,34.62,13.93,7.64,5.2,3.81,2.07,0.38,,34.97,32.75,22.78,48.66,
45,Denmark,2011,46.64,34.97,40.52,6.72,4.63,4.93,15.09,9.05,0.46,,22.92,54.13,33.13,,
358,Finland,2011,60.82,37.26,31.96,7.13,6.25,8.81,9.42,3.25,0.53,,15.2,27.09,31.09,83,45.53
33,France,2011,34.92,38.43,37.13,17.7,5.73,2.38,4.74,4.77,0.34,,27.78,36.88,36.63,67.95,65.76
49,Germany,2011,35.17,37.14,41.99,5.49,5.62,5.64,4.79,2.95,0.66,,19.98,25.28,25.07,78.35,55.02
30,Greece,2011,10.87,49.69,37.76,10.5,7.95,15.79,1.61,1.45,0.58,,7.59,28.28,20.56,69.08,61
502,Guatemala,2011,55.09,71.01,24.55,26.4,19.31,2.54,,1,0.99,,10.15,34.99,3.46,67.79,85.5
36,Hungary,2011,14.22,39.98,34.93,19.54,6.29,2,3.91,0.94,0.52,,36.93,31.96,22.64,78.23,53.75
98,Iran,2011,32.01,46.39,32.7,29.95,14.54,11.21,0.36,0.6,0.24,,12.78,9.3,9.94,72.69,61.13
353,Ireland,2011,25.57,45.5,33.22,5.75,7.25,7.98,5.91,1.25,0.41,,34.19,35.57,34.3,82.71,45.94
876,Jamaica,2011,49.14,78.6,29.04,19.45,13.71,5.14,0.19,1.2,0.85,,3,16.9,8.28,82.48,81.04
81,Japan,2011,6.35,13.73,42.25,3.83,5.22,8.31,3.35,2.55,0.44,,24.63,14.06,29.39,54.74,26.03
371,Latvia,2011,23.65,46.53,41,24.83,11.85,5.67,3.02,1.78,0.53,,40.21,33.27,20.87,,
370,Lithuania,2011,23.2,35.4,39.92,16.81,11.26,6.33,4.87,1.66,0.46,,33.52,24.67,23.84,,
60,Malaysia,2011,36.5,31.06,30.04,8.73,4.92,5.23,0.41,7.06,0.69,,10.98,16.39,3.91,51.27,51.51
52,Mexico,2011,43.46,60.64,26.57,24.2,9.62,3.03,0.94,2.81,0.78,,16.35,22.4,7.45,57.92,56.62
31,Netherlands,2011,47.78,41.87,35.08,8.5,8.21,8.65,7.84,6.85,0.58,,16.94,31.22,33.53,67.19,83.37
234,Nigeria,2011,85.54,83.68,30.97,90.95,34.99,9.59,3.16,1.49,0.68,,26.02,18.37,8.97,73.37,87.81
47,Norway,2011,67.07,33.24,40.53,8.67,6.94,6.65,,16.34,0.44,,14.39,24.46,30.6,80.42,52.89
92,Pakistan,2011,39.69,42.61,35.27,22.58,9.07,4.08,0.19,0.53,0.11,,12.08,22.12,4.06,72.71,73.74
507,Panama,2011,46.1,63.66,14,20.93,20.78,6.04,0.15,1.5,0.89,,2.43,34.54,8.08,,
51,Peru,2011,70.33,72.85,41.02,37.54,22.89,5.75,1.36,2.32,0.71,,23.76,44.88,8.11,81.7,84.77
48,Poland,2011,33.1,51.99,42.93,22.69,9.03,4.97,2.83,0.66,0.39,,38.4,33.22,21.23,64.44,72.87
351,Portugal,2011,16.74,46.67,39.63,12.17,7.54,5.71,4.03,3.26,0.45,,16.47,24.56,24.95,,
40,Romania,2011,36.06,41.63,36.12,24.66,9.89,4.57,3.89,0.83,0.59,,42.37,30.02,25.42,69.42,67.85
7,Russia,2011,27.06,33.2,43.44,3.61,4.57,2.84,0.6,1.56,0.79,,29.45,17.5,9.45,65.25,64.54
65,Singapore,2011,21.44,24.1,39.18,11.75,6.6,3.34,3.31,3.24,1.19,,29.2,17.37,17.86,62.93,53.64
421,Slovakia,2011,23.08,52.92,31.83,17.8,14.2,9.64,3.43,1.23,0.4,,27.66,21.22,19.99,64.43,54.55
386,Slovenia,2011,18.37,50.79,31.1,9.21,3.65,4.78,5.11,4.25,0.59,,35.5,33.26,34.27,69.73,53.71
27,South Africa,2011,40.73,42.83,24.45,14.27,9.14,2.35,0.41,1.13,0.62,,26.26,36.28,9.2,72.15,72.75
82,South Korea,2011,11.24,26.72,45.08,15.74,7.82,10.89,2.63,0.87,0.32,,14.56,15.9,17.43,67.2,61.06
34,Spain,2011,14.41,50.86,38.91,7.99,5.81,8.85,2.72,1.52,0.64,,18.26,25.99,23.07,66.49,65.15
46,Sweden,2011,71.49,40.32,34.57,9.78,5.8,7,16.18,11.1,0.63,,20.88,29.12,37.88,70.82,51.78
41,Switzerland,2011,47.4,42.45,30.57,9.52,6.58,10.15,4.61,5.39,0.99,,13.19,38.75,28.75,,
886,Taiwan,2011,38.92,28.61,39.65,28.17,7.91,6.34,2.02,2.85,0.55,,42.58,23.09,19.16,62.73,69.04
66,Thailand,2011,40.14,42.68,55.14,26.46,19.51,30.11,1.38,3.53,1.16,,15.18,22.94,7.02,79.11,77.01
868,Trinidad and Tobago,2011,62.14,81.21,16.71,35.21,22.67,6.91,1.15,2.95,0.66,,19.5,8.2,7.47,81.8,83.58
90,Turkey,2011,32.36,42.08,22.49,8.54,11.87,7.96,0.7,1.42,0.44,,34.27,27.98,13.88,,
971,United Arab Emirates,2011,43.72,62.07,50.84,2.41,6.19,2.7,3.59,4.67,0.63,,37.34,26.37,19.45,73.17,71.08
44,United Kingdom,2011,33.3,42.47,36.05,8.85,7.29,7.16,5.25,2.69,0.56,,26.58,45.85,42.61,81,51.94
1,United States,2011,36.25,55.69,31.19,10.92,12.34,9.05,6.56,2.78,0.73,,29.4,33.52,31.08,,
598,Uruguay,2011,53.65,61.06,34.44,38.22,16.72,5.95,5.2,0.89,0.6,,25.91,17.22,19.57,58.69,58.01
582,Venezuela,2011,48.45,66.86,24.15,20.23,15.43,1.57,0.63,1.52,0.88,,,13.44,6.49,77.26,83.06
244,Angola,2010,67.31,73.11,32.21,54.55,31.94,8.65,,0.84,0.94,,10.73,,6.66,83.3,70.1
54,Argentina,2010,50.35,63.54,21.33,20.97,14.2,12.41,,1.19,0.76,,17.44,,17.66,67.09,74.31
61,Australia,2010,45.69,53.16,35.85,8.73,7.8,8.47,,3.17,0.99,,22.95,,39.88,68.41,57
32,Belgium,2010,39.58,44.86,35.06,8.22,3.67,2.69,,5.23,0.83,,10.12,,33.49,51.22,60.02
591,Bolivia,2010,53.24,75.84,28.35,49.27,38.6,18.23,,3.36,0.89,,12.76,,8.61,66.59,62.88
387,Bosnia and Herzegovina,2010,38.25,62.55,27.45,16.76,7.74,6.64,,0.64,0.37,,13.21,,10.37,62.99,75.99
55,Brazil,2010,48.12,57.94,33.25,26.46,17.5,15.26,,1.48,0.88,,15.4,,14.63,78.95,77.99
56,Chile,2010,65.05,65.6,22.12,38.33,16.77,5.99,,1.78,0.75,,30.65,,17.95,71.23,87.41
86,China,2010,36.17,42.33,32.01,26.9,14.37,13.77,,0.82,0.76,,20,,4.13,76.93,70.03
57,Colombia,2010,68.18,65.1,27.67,41.33,20.61,12.22,,1.03,0.8,,29.95,,14.27,75.94,88.62
506,Costa Rica,2010,46.38,68.8,36,13.2,13.44,4.83,,1.19,1.03,,12.54,,5.17,63.36,64.33
385,Croatia,2010,23.32,53.19,31.18,7.43,5.52,2.9,,1.51,0.55,,30.14,,29.08,49.91,67.07
45,Denmark,2010,46.42,40.75,31.51,5.91,3.77,5.56,,6.73,0.44,,18.54,,37.68,,
593,Ecuador,2010,50.27,76.59,31.15,46.31,21.25,14.68,,1.61,0.81,,9.38,,6.33,74.04,83.14
20,Egypt,2010,38.79,63.35,25.27,24.3,7.02,4.52,,0.48,0.46,,35.98,,4.46,89.47,77.68
358,Finland,2010,51.13,39.53,28.61,5.89,5.72,9.44,,3.01,0.52,,9.43,,28.27,86.53,46.07
33,France,2010,33.87,37.27,40.48,14.18,5.83,2.44,,2.22,0.68,,18.45,,28.31,67.87,65.19
49,Germany,2010,28.48,41.63,33.69,6.37,4.17,5.69,,1.89,0.54,,17.71,,34.09,77.12,53.07
233,Ghana,2010,75.72,74.65,10.43,68.83,33.95,35.51,,0.94,1.2,,13.85,,,90.73,91.05
30,Greece,2010,15.91,52.18,50.86,12.84,5.51,14.84,,1.39,0.59,,10.34,,28.12,70.24,65.59
502,Guatemala,2010,62.93,71,23.22,30.68,16.3,6.65,,1.83,0.81,,6.17,,6.57,59.66,73.76
36,Hungary,2010,33.33,43.36,42.41,13.82,7.13,5.42,,2.18,0.42,,23.5,,27.32,73.69,55.03
354,Iceland,2010,48.74,48.99,33.69,15.71,10.58,7.42,,10,0.51,,29.68,,33.54,60.94,51.23
98,Iran,2010,41.59,65.72,30.07,31.38,12.31,12.16,,1.04,0.25,,17.14,,11.81,84.6,63.55
353,Ireland,2010,22.5,49.15,33.36,6.14,6.76,8.55,,1.08,0.41,,28,,30.72,81.47,51.78
972,Israel,2010,33.88,39.94,46.71,13.45,5.02,3.25,,2.24,0.5,,32.1,,26.9,73.23,60.12
39,Italy,2010,24.68,42.42,36.8,3.97,2.35,3.7,,4.08,0.74,,17.48,,36.97,69.27,69.12
876,Jamaica,2010,56.09,80.16,32.98,38.12,10.48,6.9,,0.91,0.79,,10.9,,4.8,84.76,85.08
81,Japan,2010,5.92,13.71,32.65,2.88,3.3,7.36,,1.29,0.3,,31,,27.37,52,28.39
371,Latvia,2010,29.1,50.75,39.87,21.35,9.68,7.64,,1.9,0.5,,35.46,,23.85,64.82,58.79
60,Malaysia,2010,40.06,24.33,45.28,5.07,4.96,7.86,,3.33,0.94,,8.19,,3.96,68.56,55.69
52,Mexico,2010,55.56,64.65,33.36,22.33,10.45,0.42,,2.18,0.95,,12.12,,1.54,62.83,69.37
382,Montenegro,2010,36.07,70.88,30.42,31.86,14.94,7.81,,1.03,0.54,,27.37,,13.33,68.44,80.99
31,Netherlands,2010,44.8,45.51,23.76,5.47,7.22,9.03,,7.6,0.43,,21.23,,46.65,68.56,85.37
389,North Macedonia,2010,34.26,59.72,30.91,26.69,7.88,7.58,,0.4,0.34,,30.15,,7.41,66.23,71.27
47,Norway,2010,49.75,40.45,26.62,7.56,7.72,6.71,,4.76,0.33,,23.23,,39.73,70.73,57.75
92,Pakistan,2010,51.95,56.17,34.31,32.38,9.08,4.72,,0.96,0.24,,6.96,,1.71,80.7,76.29
970,Palestine,2010,43.99,57.01,40.05,28.25,10.37,2.04,,1.04,0.51,,10.47,,9.15,83.49,85.33
51,Peru,2010,71.39,76.48,34.02,39.58,27.24,7.21,,2.24,0.89,,21.52,,8.46,76.84,82.04
351,Portugal,2010,20.25,52.08,29.71,8.76,4.4,5.44,,2.31,0.51,,10.62,,15.06,70.54,67.48
40,Romania,2010,17.52,38.18,41.12,8.59,4.29,2.08,,1.59,0.62,,33.2,,20.3,65.5,66.45
7,Russia,2010,21.65,22.69,41.69,2.61,3.94,2.79,,0.94,0.79,,16.47,,8.77,63.66,65.42
966,Saudi Arabia,2010,75.84,69.31,38.95,0.98,9.4,3.86,,7.47,0.49,,50.7,,10.1,92.26,86.77
386,Slovenia,2010,26.8,56.34,27.55,8.73,4.65,4.94,,3.32,0.45,,20.96,,41.57,73.7,53.18
27,South Africa,2010,40.91,44.3,29.03,16.7,8.86,2.05,,0.87,0.85,,25.77,,10.96,77.6,77.51
82,South Korea,2010,13.01,28.96,32.47,10.09,6.56,11.18,,1.28,0.19,,22.99,,15.45,71.27,67.57
34,Spain,2010,18.84,50.2,36.35,5.82,4.31,7.72,,1.65,0.59,,7.79,,25.71,62.54,65.42
46,Sweden,2010,66.1,42.43,28.9,8.53,4.88,6.4,,5.36,0.56,,18.06,,43.28,71.57,56.93
41,Switzerland,2010,33.33,43.85,27.04,6.66,5.04,8.68,,4.27,0.8,,9.38,,39.9,76.37,64.86
886,Taiwan,2010,29.63,26.42,43.82,25.05,8.37,7.23,,1.58,0.6,,31.9,,12.51,57.54,68.4
868,Trinidad and Tobago,2010,69.11,82.76,11.59,30.36,15,8.54,,3.29,0.91,,13.6,,14.51,77.59,83.21
216,Tunisia,2010,37.58,53.11,23.18,24.12,6.12,9.01,,2.02,0.5,,12.12,,9.87,92.75,89.06
90,Turkey,2010,36.14,54.18,24.97,19.43,8.59,10.73,,1.25,0.27,,33.4,,11.91,76.4,71.15
256,Uganda,2010,80.54,86.69,20.65,77.09,31.29,27.71,,0.67,0.95,,9.9,,1.47,87.29,81.09
44,United Kingdom,2010,29.24,51.82,30.34,5.1,6.42,6.37,,4.06,0.52,,19.01,,29.53,76.71,50.98
1,United States,2010,34.79,59.52,28.49,7.33,7.59,7.68,,1.81,0.86,,30.3,,33.89,75.85,65.44
598,Uruguay,2010,52.05,73.3,27.69,31.85,11.68,7.24,,2.06,0.58,,28.57,,17.2,61.83,64.77
678,Vanuatu,2010,73.58,79.56,46.95,50.51,52.11,23.18,,0.63,0.78,,2.36,,4.65,77.61,55.58
260,Zambia,2010,81.36,77.51,12.75,67.07,32.63,9.56,,1.28,0.85,,7.82,,1.87,71.81,69.91
213,Algeria,2009,48.42,52.06,30.89,22.26,16.68,4.67,,,0.67,,19.76,,12.42,58.17,57.32
54,Argentina,2009,43.97,65.11,36.62,14.21,14.68,13.53,,,0.64,,22.77,,17.66,75.71,67.88
32,Belgium,2009,14.54,36.65,27.66,5.23,3.51,2.51,,,0.56,,22.04,,43.72,49.37,45.63
387,Bosnia and Herzegovina,2009,34.98,56.97,32.11,16.6,4.43,3.88,,,0.51,,15.35,,,57.17,73.22
55,Brazil,2009,46.98,52.85,30.71,20.65,15.32,11.84,,,1.07,,11.12,,7.36,80.16,80.97
56,Chile,2009,52.11,65.29,23.19,34.94,14.79,6.77,,,0.74,,32.08,,15.46,69.73,86.83
86,China,2009,25.32,35.23,32.07,22.58,18.84,17.16,,,0.78,,19.22,,3.18,77.49,66.12
57,Colombia,2009,50.32,64.81,29.74,57.21,22.57,12.92,,,0.79,,46.8,,14.69,74.45,90.45
385,Croatia,2009,37,59.1,35.13,7.9,5.58,4.84,,,0.34,,29.51,,,48.98,68.19
45,Denmark,2009,33.85,35.35,37.15,2.6,3.64,4.69,,,0.53,,20.88,,40.5,75.08,46.92
809,Dominican Republic,2009,49.51,78.17,27.06,25.01,17.53,11.35,,,0.74,,23.08,,,87.55,91.83
593,Ecuador,2009,44.24,72.95,34.54,31,15.82,16.09,,,0.97,,10.5,,,72.52,78.02
358,Finland,2009,39.66,35.07,25.94,4.21,5.17,8.51,,,0.67,,17.55,,,88.32,44.92
33,France,2009,24.12,27.11,46.61,15.89,4.35,3.21,,,0.3,,30.38,,34.92,69.51,65.14
49,Germany,2009,22.18,39.74,37.19,5.27,4.1,5.15,,,0.81,,18.62,,38.7,74.8,53.63
30,Greece,2009,26.48,58.06,44.58,14.6,8.79,15.12,,,0.52,,3.22,,18.1,68.22,65.63
502,Guatemala,2009,54.9,61.32,32.63,10.34,19.2,4.23,,,0.87,,4.02,,,66.9,76.97
852,Hong Kong,2009,14.4,18.87,36.73,7.28,3.64,2.93,,,0.42,,30.08,,,55.18,44.83
36,Hungary,2009,2.85,40.86,33.26,13.05,9.13,6.7,,,0.53,,26.92,,28.68,72.24,42.27
354,Iceland,2009,44.39,49.84,36.06,14.96,11.45,8.91,,,0.54,,28.82,,,61.93,51.03
98,Iran,2009,30.81,57.92,32.12,22.29,12.08,6.48,,,0.4,,22.88,,,78.01,56.25
972,Israel,2009,28.99,38.27,37.27,13.62,6.07,4.27,,,0.52,,32.43,,,73.24,61.4
39,Italy,2009,24.73,41.19,39.17,4.46,3.72,5.82,,,0.33,,7.44,,36.16,69.17,71.65
876,Jamaica,2009,42.33,77.07,24.11,28.63,22.73,16.31,,,0.74,,11.07,,,77.1,75.96
81,Japan,2009,8,13.78,50.46,3.01,3.26,7.84,,,0.31,,31.8,,,49.59,28.11
962,Jordan,2009,43.8,56.94,38.79,24.91,10.24,5.28,,,0.29,,24.54,,,84.01,80.64
371,Latvia,2009,17.89,49.6,39.65,9.8,10.51,9,,,0.55,,20.88,,,65.56,58.59
961,Lebanon,2009,54.31,76.76,21.41,22.41,14.98,16,,,0.51,,19.98,,,78.84,85.05
60,Malaysia,2009,44.6,33.67,65.32,5.06,4.41,4.31,,,0.72,,5.83,,9.88,70.9,58.89
212,Morocco,2009,48.67,74.5,28.68,28.94,15.74,15.25,,,0.59,,18.38,,5.82,84.25,80.09
31,Netherlands,2009,36.16,47.49,28.71,5.46,7.19,8.06,,,0.7,,15.99,,30.09,67.25,83.6
47,Norway,2009,48.84,44.07,24.6,7.69,8.53,8.28,,,0.36,,19.74,,37.44,69.31,62.75
970,Palestine,2009,49.9,55.57,35.57,23.65,8.59,6.85,,,0.25,,10.7,,,78.12,88.04
507,Panama,2009,44.62,62.43,26.12,10.54,9.59,4.22,,,0.75,,16.79,,,67.41,73.67
51,Peru,2009,60.98,74.1,32.13,32.03,20.93,7.45,,,0.78,,18.2,,5.79,75.13,87.64
40,Romania,2009,13.8,27.33,52.84,6.25,5.02,3.38,,,0.46,,10.38,,26.1,67.19,57.55
7,Russia,2009,17.11,23.67,51.77,2.39,3.88,2.28,,,0.71,,21.22,,8.88,63.1,60.07
966,Saudi Arabia,2009,69.48,72.51,48.94,34.03,4.66,4.06,,,0.09,,71.51,,,89.32,79.96
381,Serbia,2009,29.33,72.29,27.96,22.2,4.9,10.12,,,0.4,,15.56,,,56.22,68.89
386,Slovenia,2009,29.13,52.03,29.68,9.7,5.36,5.65,,,0.32,,26.77,,,77.59,55.75
27,South Africa,2009,35.39,35.47,30.67,10.88,5.92,1.42,,,0.65,,21.02,,16.86,64.02,63.67
82,South Korea,2009,12.78,52.77,23.3,11.39,7.01,11.82,,,0.33,,20.1,,13,64.93,64.71
34,Spain,2009,15.99,47.53,45.43,4.33,5.1,6.4,,,0.62,,11.7,,25.33,54.83,62.98
41,Switzerland,2009,35.09,48.94,28.57,7.24,7.72,8.36,,,0.74,,27.12,,46.23,83.81,65.71
963,Syria,2009,54.2,61.85,18.14,54.02,8.46,6.71,,,0.23,,35.09,,,89.48,88.82
676,Tonga,2009,56.17,53,64.75,5.69,17.39,2.26,,,1.15,,21.63,,,51.82,90.57
216,Tunisia,2009,14.88,40.26,33.74,53.55,9.43,10.18,,,0.37,,11.89,,,93.94,87.04
256,Uganda,2009,73.78,84.78,28.77,58.38,33.67,21.95,,,0.79,,9.26,,,84.75,81.32
971,United Arab Emirates,2009,45.41,67.91,25.72,35.99,13.25,5.71,,,0.4,,67.29,,,75.17,69.83
44,United Kingdom,2009,24.04,47.02,31.65,4.32,5.74,6.07,,,0.47,,20.73,,40.5,73.47,47.52
1,United States,2009,28.35,56.16,26.67,6.87,7.96,5.87,,,0.58,,22.94,,39.45,75.35,65.92
598,Uruguay,2009,46.44,67.8,28.91,20.7,12.16,5.95,,,0.45,,26.64,,,71.56,65.36
582,Venezuela,2009,48.21,59.31,25.61,28.7,18.66,6.51,,,0.91,,23.78,,,68.88,76.24
967,Yemen,2009,14.02,63.55,65.4,8.96,24.01,2.9,,,0.65,,88.73,,,97.46,95.29
244,Angola,2008,74.45,52,41.78,27.49,22.71,4.14,,,1.24,,22.63,,,65.58,48.57
54,Argentina,2008,47.33,62.15,29.89,15.29,16.54,13.52,,,0.92,,30.2,,13.53,69.6,68.79
32,Belgium,2008,14.1,36.26,33.36,6.39,2.85,2.63,,,0.41,,27.09,,20.65,46.26,46.66
591,Bolivia,2008,54.02,76.16,38.16,37.52,29.82,19.05,,,0.88,,12.69,,7.87,54.65,80.78
387,Bosnia and Herzegovina,2008,45.59,68.38,22.61,24.54,9.02,8.7,,,0.63,,17.68,,3.53,67.31,81.99
55,Brazil,2008,41.44,53.12,37.98,26.17,12.02,14.59,,,0.85,,14.78,,13.14,75.2,67.56
56,Chile,2008,27.34,62.18,26.54,29.5,13.08,6.65,,,0.75,,40.17,,11.3,69.31,79.94
57,Colombia,2008,61.28,66.18,31.59,60.49,24.52,14.07,,,0.63,,40.88,,15.21,77.48,92.45
385,Croatia,2008,44.38,59.8,34.18,9.71,7.59,4.83,,,0.42,,28.58,,21.16,53.51,70.43
45,Denmark,2008,62.15,32.17,42.17,5.45,4.04,3.35,,,0.5,,24.2,,33.47,76.15,56.7
809,Dominican Republic,2008,53.56,75.83,28.08,29.7,20.35,8.24,,,0.62,,27.76,,,90.85,92.2
593,Ecuador,2008,41.31,70.29,30.33,37.27,17.18,11.87,,,0.86,,16.19,,9.05,71.25,79.26
20,Egypt,2008,34.87,59.22,20.35,34.51,13.11,7.98,,,0.29,,16.5,,13.79,84.34,72.83
358,Finland,2008,50.18,39.07,23.12,5.24,7.34,9.17,,,0.45,,15.46,,21.41,89.55,46.48
33,France,2008,21.59,24.66,52.02,12.7,5.64,2.8,,,0.41,,20.55,,23.84,69.62,63.08
49,Germany,2008,23.91,35.14,40.23,4.19,3.77,4.03,,,0.84,,11.94,,26.11,79.55,55.84
30,Greece,2008,28.11,55.3,45.5,12.63,9.86,12.63,,,0.64,,8.25,,15.03,76.56,75.54
36,Hungary,2008,18.9,48.1,34.49,6.15,6.61,5.34,,,0.66,,10.16,,42.57,60.65,48.49
354,Iceland,2008,36.67,51.81,35.27,11.88,10.05,7.14,,,0.56,,33.24,,34.37,71.1,61.16
91,India,2008,58.47,57.97,45.59,32.9,11.49,16.5,,,0.45,,5.65,,5.63,81.58,67.22
98,Iran,2008,33.72,61.28,20.47,35.79,9.18,6.77,,,0.33,,19.26,,,81.64,56.56
353,Ireland,2008,26.55,47.8,33.12,6.42,7.59,9.02,,,0.36,,31.68,,29.78,81.04,54.67
972,Israel,2008,24.78,37.83,44.81,14.19,6.36,4.12,,,0.46,,23.77,,33.65,74.13,56.23
39,Italy,2008,29.66,40.05,44.86,7.12,4.62,6.48,,,0.44,,17.83,,37.56,63.57,67.54
876,Jamaica,2008,51.09,69.14,26.21,16.97,15.63,9.12,,,0.85,,6.02,,3.6,83.62,80.9
81,Japan,2008,7.64,12.54,50.51,3.76,5.42,7.86,,,0.39,,32.73,,39.4,55.61,25.55
371,Latvia,2008,21.92,29.06,34.31,6.6,6.53,2.99,,,0.38,,29.85,,21.42,76.76,75.48
52,Mexico,2008,47.35,59.29,27.76,25.55,13.09,4.94,,,0.83,,15.46,,15.34,56.59,66.33
31,Netherlands,2008,39.09,37.81,29.38,3.65,5.2,7.16,,,0.47,,6.25,,34.15,68.78,84.63
389,North Macedonia,2008,46.74,62.2,33.32,39.04,14.47,11.03,,,0.42,,26.44,,15.06,71.97,79.76
47,Norway,2008,38.79,40.63,25.01,7,8.7,7.68,,,0.43,,22.52,,32.76,68.41,60.88
51,Peru,2008,56.67,72.85,34.17,34.29,25.57,8.27,,,0.86,,24.59,,6.16,73.32,81.65
40,Romania,2008,25.75,23.77,48.81,8.55,3.98,2.07,,,0.36,,23.18,,19.78,68.53,
7,Russia,2008,30.06,17.61,56.94,3.11,3.49,1.11,,,0.56,,13.03,,7.61,64.43,59.81
381,Serbia,2008,51.22,64.24,25.84,30.85,7.59,9.26,,,0.52,,24.87,,24.32,64.18,72.34
386,Slovenia,2008,44.75,50.8,25.44,7.31,6.4,5.59,,,0.46,,23.45,,46.84,77.8,57.6
27,South Africa,2008,37.23,37.03,33.5,13.39,7.76,2.31,,,0.62,,27.08,,15.34,62.24,64.59
82,South Korea,2008,14.76,30.08,32.93,17.21,9.99,12.84,,,0.34,,27.36,,22.4,69.35,69.45
34,Spain,2008,25.4,46.51,47.19,4.97,7.03,9.05,,,0.74,,13.88,,23.1,58.25,68.21
90,Turkey,2008,36.19,48.77,34.01,20.8,5.96,4.82,,,0.26,,31.27,,14.26,79.72,71.73
44,United Kingdom,2008,30.18,49.91,33.7,5.27,5.91,6.05,,,0.46,,20.99,,,73.77,52.2
1,United States,2008,36.57,55.66,24.56,6.9,10.76,8.34,,,0.7,,32.32,,39.07,74.42,62.8
598,Uruguay,2008,51,63.35,29.24,16.81,11.9,7.94,,,0.56,,29.87,,21.61,75.5,70.8
54,Argentina,2007,60.8,57.06,35.03,20.03,14.43,9.96,,,0.65,,24.23,,22.56,74.07,74.18
43,Austria,2007,50.68,52.61,34.28,5.26,2.44,6,,,0.6,,18.93,,44.37,71.41,34.81
32,Belgium,2007,16.31,37.37,27.63,5.63,3.15,1.4,,,0.46,,14.76,,32.37,51.33,44.52
55,Brazil,2007,39.01,53.65,29.08,21.43,12.72,9.94,,,1,,11.01,,13.69,79.34,82.33
56,Chile,2007,49.03,64.2,24.26,25.34,13.43,8.73,,,0.63,,34.13,,17.35,68.98,67.35
86,China,2007,39.19,38.85,31.05,31.46,16.43,8.39,,,0.7,,29.41,,12.04,70.59,68.64
57,Colombia,2007,58.11,68.91,28.21,60.14,22.72,11.56,,,0.7,,32.26,,6.53,72.06,88.43
385,Croatia,2007,43.93,60.67,29.79,10.48,7.27,4.22,,,0.54,,29.58,,24.57,50.74,72.18
45,Denmark,2007,70.59,36.12,33.85,6.16,5.39,6,,,0.73,,29.37,,34.74,79.14,55.96
809,Dominican Republic,2007,51.51,82.51,22.97,34.42,16.75,7.57,,,0.77,,24.39,,11.77,86.96,96.16
358,Finland,2007,52.96,39.73,28.97,4.61,6.91,7.58,,,0.54,,17.56,,27.88,84.83,37.48
33,France,2007,23.26,33.47,40.55,15.25,3.17,1.74,,,0.53,,10.38,,32.04,69.74,64.75
30,Greece,2007,28.54,47.93,53.86,11.81,5.71,13.31,,,0.43,,12.63,,23.11,65.89,66.11
852,Hong Kong,2007,81.3,32.2,35.92,9.53,9.95,5.57,,,0.41,,34.43,,17.9,68.13,65.7
36,Hungary,2007,28.08,44.46,17.38,8.7,6.86,4.83,,,0.49,,10.73,,30.55,66.56,57.74
354,Iceland,2007,68.73,46.36,38.72,14.87,12.48,8.77,,,0.43,,27.82,,33.3,74.31,65.57
91,India,2007,70.96,72.98,50.21,49.66,8.53,5.53,,,0.79,,9.22,,16.02,74.69,66.76
353,Ireland,2007,46.15,49.43,36.69,7.7,8.22,9.02,,,0.56,,18.43,,34.31,82.61,63.01
972,Israel,2007,23.98,38.15,43.56,12.63,5.44,2.36,,,0.53,,45.05,,33.13,65.72,50.16
39,Italy,2007,39.5,50.51,40.48,10.28,5.01,5.56,,,0.49,,12.86,,33.52,68.5,72.83
81,Japan,2007,8.87,15.16,42.87,2.3,4.34,8.65,,,1.5,,27.83,,43.99,47.71,29.49
701,Kazakhstan,2007,53.8,40.99,45.84,13.2,9.36,5.77,,,0.68,,21.67,,8.83,84.86,83.88
371,Latvia,2007,33.75,26.38,46.44,4.34,4.46,3.41,,,0.18,,28.81,,26.11,71.1,54.43
31,Netherlands,2007,42.02,39.15,21.97,3.97,5.18,6.36,,,0.56,,18.54,,40.41,68.83,84.84
47,Norway,2007,46.29,36.23,18.34,5.64,6.18,4.79,,,0.45,,20.9,,38.34,56.55,54.95
51,Peru,2007,63.43,77.86,23.13,40.53,25.89,15.25,,,1.01,,19.08,,5.17,75.08,87.5
351,Portugal,2007,32.96,57.85,29.12,9.83,8.78,7.09,,,0.51,,21.94,,,67.2,65.56
787,Puerto Rico,2007,34.63,50.84,24.09,13.64,3.06,2.4,,,0.94,,65.43,,26.62,66.68,72.81
40,Romania,2007,26.23,29.35,33.47,11.68,4.02,2.51,,,0.62,,29.59,,24.95,62.5,61.02
7,Russia,2007,10.57,8.65,42.03,3.46,2.67,1.68,,,0.43,,21.99,,11.03,31.47,29.45
381,Serbia,2007,48.01,63.01,25.7,32.93,8.56,5.27,,,0.42,,17.65,,13.61,61.03,77.91
386,Slovenia,2007,47.53,48.04,26.66,9.33,4.78,4.59,,,0.39,,27.61,,34.01,75.96,57.73
34,Spain,2007,33.7,45.14,47.17,4.28,7.62,6.38,,,0.56,,13.58,,25.88,60.98,71.64
46,Sweden,2007,50.33,41.65,28.54,9,4.15,4.7,,,0.43,,24.75,,21.1,67.44,52.38
41,Switzerland,2007,34.94,40.84,29.44,6.94,6.27,6.59,,,0.65,,18.18,,25.04,72.9,47.75
66,Thailand,2007,18.86,42.55,41.91,21.35,26.87,21.35,,,0.93,,3.98,,2.88,81.76,87.15
90,Turkey,2007,39.45,49.08,23.13,19.05,5.58,5.46,,,0.28,,45.39,,16.82,82.46,75.44
971,United Arab Emirates,2007,49.92,62.96,30.62,35.42,8.44,3.38,,,0.61,,54.04,,29.57,79.76,72.32
44,United Kingdom,2007,39,48.71,34.16,5.57,5.53,5.1,,,0.49,,21.42,,31.06,73.57,54.82
1,United States,2007,25.18,48.3,27.34,8.18,9.61,4.97,,,0.6,,28.13,,34.55,50.24,49.57
598,Uruguay,2007,41.12,58.14,20.72,15.42,12.21,6.57,,,0.42,,22.91,,27.52,74.94,68.11
582,Venezuela,2007,56.04,66.24,,20.68,20.16,5.39,,,0.72,,25.62,,6.72,71.7,76.57
54,Argentina,2006,57.3,57.49,32.6,13.42,10.24,6.96,,,0.47,,25.19,,9.92,67.7,67.83
61,Australia,2006,54.79,50.64,33.66,10.59,11.89,9.12,,,0.69,,17.39,,23.4,72.34,57.18
32,Belgium,2006,15.37,34.59,36.18,5.76,2.73,2.12,,,0.24,,14.98,,28.12,53.39,46.99
55,Brazil,2006,37.04,53.6,34.38,19.11,11.65,12.09,,,0.7,,12.7,,9.9,68.1,63.4
101,Canada,2006,44.74,53.22,25.76,6.26,7.12,5.11,,,0.73,,13.96,,32.59,70.31,71.32
56,Chile,2006,42.2,61.39,28.34,22.28,9.19,6.79,,,0.62,,36.18,,14.27,72.1,67.54
86,China,2006,31.2,36.39,31.7,24.71,15.97,12.92,,,0.89,,21.78,,5.46,71.54,69.49
57,Colombia,2006,65.18,66.95,23.7,62.56,22.37,10.41,,,0.62,,32.16,,7.7,71.61,87.82
385,Croatia,2006,42.75,58.07,29.94,8.76,8.47,4.12,,,0.4,,29.01,,16.81,53.49,74.7
420,Czech Republic,2006,26.73,37.98,31.23,9.01,7.85,5.41,,,0.46,,33.22,,24.02,47.48,65.49
45,Denmark,2006,64.59,36.41,38.54,6.53,5.31,5.28,,,0.45,,23.29,,30.44,73.93,51.62
358,Finland,2006,49.82,36.53,36.47,5.11,4.99,8.23,,,0.68,,15.48,,21.93,88.38,37.35
33,France,2006,20.79,33.32,42.79,13.32,4.39,1.33,,,0.4,,8.93,,20.74,67.78,64.41
49,Germany,2006,20.03,39,34.33,5.34,4.21,3.03,,,0.45,,22.4,,25.19,75.11,56.21
30,Greece,2006,22.2,46.4,48.42,12.55,7.9,8.24,,,0.42,,6.59,,12.44,65.69,64.24
36,Hungary,2006,16.11,43.11,15.12,9.01,6.04,6.72,,,0.5,,11.94,,26.08,67.71,55.63
354,Iceland,2006,60.39,50.2,39.9,15.39,10.21,6.68,,,0.36,,27.98,,17.66,72.52,66.73
91,India,2006,52.09,62.26,24.44,31.33,10.09,5.6,,,0.79,,13.76,,8.93,84.29,66.97
62,Indonesia,2006,41.81,56.27,28.88,30.16,19.28,17.62,,,0.94,,6.93,,7.98,53.74,63.88
353,Ireland,2006,44,50.92,34.49,6.26,7.35,7.82,,,0.4,,25.66,,31.76,81.99,69.66
39,Italy,2006,23.2,44.49,38.12,8.27,3.47,3.03,,,0.79,,16.43,,22.11,69.41,72.67
876,Jamaica,2006,53.07,72.32,27.49,37.14,20.32,10.3,,,0.8,,6.65,,2.13,79.16,77.84
81,Japan,2006,9.15,15.71,28.93,1.96,2.9,4.76,,,0.81,,17.58,,26.06,45.14,25.35
371,Latvia,2006,41.19,36.11,45.39,12.5,6.53,5.69,,,0.42,,40.84,,18.24,76.01,65.62
60,Malaysia,2006,47.14,47.01,49.84,9.13,11.09,7.31,,,1.01,,6.24,,4.74,76.98,70.22
52,Mexico,2006,27.07,41.33,30.82,15.74,5.26,2.27,,,0.73,,25.84,,6.52,52.83,49.79
31,Netherlands,2006,45.73,37.54,31.92,3.75,5.4,6.59,,,0.5,,19.12,,31.88,65.08,80.31
47,Norway,2006,50.98,39.13,25.03,6.22,8.9,5.98,,,0.47,,23.52,,31.22,68.59,60.8
51,Peru,2006,67.75,78.01,25.1,37.7,40.08,12.37,,,0.96,,21.9,,8.75,75.75,87.05
63,Philippines,2006,58.05,72.48,35.22,48.4,20.39,19.72,,,1.23,,5.67,,2.38,83.7,82.64
7,Russia,2006,23.72,25.14,39.98,6.07,4.84,1.19,,,0.35,,26.37,,14.18,67.86,71.23
65,Singapore,2006,15.7,25.39,39.15,9.41,4.8,3.37,,,0.63,,36.29,,17.94,54.05,48.17
386,Slovenia,2006,38.84,47.71,27.7,7.28,4.63,4.44,,,0.33,,25.37,,31.33,76.19,56.68
27,South Africa,2006,27.81,36.13,34.18,6.85,5.14,1.72,,,0.78,,11.85,,11.96,59.33,60.88
34,Spain,2006,32.7,46.18,44.33,4.37,7.27,5.45,,,0.65,,12.33,,24.71,60.16,70.64
46,Sweden,2006,46.04,41.86,27.7,9.29,3.45,4.99,,,0.55,,24.49,,21.27,60.9,50.86
66,Thailand,2006,20.97,34.77,52.54,26.41,15.2,17.42,,,0.87,,11.51,,6.92,76.28,84.29
90,Turkey,2006,33.91,54.66,26.59,20.1,6.07,11.45,,,0.41,,28.55,,11.81,85.6,77.24
971,United Arab Emirates,2006,41.3,45.98,31.62,6.13,3.74,1.39,,,0.05,,58.92,,15,88.26,78.71
44,United Kingdom,2006,36.76,49.62,33.19,5.56,5.76,5.41,,,0.46,,24.72,,41.4,72.61,53.93
1,United States,2006,24.12,51.2,25.67,7.11,10.03,5.42,,,0.58,,29.95,,22.4,49.09,51.45
598,Uruguay,2006,51.91,59.32,29.01,14.51,12.51,6.91,,,0.51,,25.35,,12.43,75.68,66.61
54,Argentina,2005,57.51,55.12,36.99,17.59,9.49,4.95,,,0.64,,34.23,,9.84,72.88,69.04
61,Australia,2005,50.24,57.44,30.34,12,10.47,10.35,,,0.54,,14.14,,22.14,71.88,54.56
43,Austria,2005,29.13,45.98,30.26,4.86,5.28,3.84,,,0.53,,22.76,,36.67,69.58,40.47
32,Belgium,2005,42.51,44.49,29,6.12,3.93,5.63,,,0.45,,17.86,,31.6,72.1,67
55,Brazil,2005,42.71,50.23,37.59,21.03,11.32,10.11,,,0.92,,16.9,,12.04,76.37,76.15
101,Canada,2005,47.77,53.78,28.92,9.73,9.28,7.4,,,0.42,,36.77,,26.7,70.58,69.01
56,Chile,2005,48.6,67.38,32.56,8.69,11.15,3.78,,,0.58,,36,,16.36,67.97,81.11
86,China,2005,21.31,22.55,13.91,45.54,13.71,13.24,,,0.74,,16.62,,4.28,67.25,73.78
385,Croatia,2005,37.21,58.74,38.51,6.49,6.11,3.65,,,0.26,,36.25,,14.13,52.18,72.09
45,Denmark,2005,65.75,37.93,39.96,7.19,4.71,4.35,,,0.47,,20.82,,40.79,72.55,44.49
358,Finland,2005,46.6,36.37,28.93,4.32,4.92,8.59,,,0.81,,14.93,,34.25,86.01,37.48
33,France,2005,21.65,35.98,42.37,11.41,5.35,2.27,,,0.45,,9.18,,21.3,64.35,60.6
49,Germany,2005,17.61,40.58,40.24,5.27,5.09,4.21,,,0.61,,15.94,,26.47,75.8,55.78
30,Greece,2005,16.47,44.61,50.32,14.7,6.5,10.49,,,0.35,,20.46,,8.55,65.75,64.11
36,Hungary,2005,10.33,14.58,29.59,1.55,1.88,2.01,,,1.69,,9.58,,22.9,34.47,35.48
354,Iceland,2005,62.41,46.75,41.85,15.89,10.59,7.29,,,0.44,,24.16,,18.11,72.28,62.45
353,Ireland,2005,51.87,49.94,34.04,8.37,9.83,8.06,,,0.39,,24.62,,26.92,79.31,68.61
39,Italy,2005,14.88,32.1,30.43,8.79,4.94,6.41,,,0.6,,16.18,,,49.84,46.84
876,Jamaica,2005,44.68,72.53,30.52,24.92,17,9.53,,,0.85,,10.65,,3.42,79.5,71.8
81,Japan,2005,16.55,13.38,44.54,0.8,2.2,5.38,,,0.38,,35.99,,35.9,51.56,31.94
371,Latvia,2005,36.07,38.04,37.31,10.57,6.65,5.01,,,0.59,,30.08,,22.66,75.12,57.79
52,Mexico,2005,33.17,45.6,29.54,17.19,5.91,1.89,,,0.62,,12.36,,14.01,61.04,54.93
31,Netherlands,2005,39.07,41.67,30.33,4.14,4.34,5.66,,,0.31,,14.1,,28.41,66.13,79.05
64,New Zealand,2005,56.76,59.81,21.98,11.18,17.57,10.83,,,0.63,,21.39,,29.08,72.73,61.44
47,Norway,2005,46.42,41.78,21.75,7.3,9.11,7.27,,,0.33,,16.29,,34.62,65.95,62.5
65,Singapore,2005,17.47,28.99,35.77,12.78,7.24,4.75,,,0.53,,33.25,,22.91,57.75,46.82
386,Slovenia,2005,20.9,35.46,31.68,8.64,4.36,6.26,,,0.5,,32.89,,34.92,45.5,32.7
27,South Africa,2005,27.26,35.19,31.92,8.71,5.11,1.3,,,0.77,,13.01,,9.02,56.01,55.18
34,Spain,2005,38,47.74,42.03,4.21,5.65,7.71,,,0.58,,3.26,,25.51,59.71,71.16
46,Sweden,2005,45.33,44.68,34.06,14.27,4.04,6.32,,,0.59,,16.03,,32.17,62.13,52.06
41,Switzerland,2005,38.53,51.19,26.72,6.5,6.05,9.69,,,0.67,,13.98,,25.48,73.79,51.73
66,Thailand,2005,33.93,45.62,48.84,34.79,20.74,14.1,,,0.87,,17.73,,4.55,77.71,88.03
44,United Kingdom,2005,38.75,50.97,33.42,6.66,6.19,5.09,,,0.43,,29.51,,30.69,73.42,54.41
1,United States,2005,32.32,52.13,21.64,9.01,12.44,4.67,,,0.63,,32.79,,23.48,60.61,59.42
582,Venezuela,2005,65.15,74.94,30.95,40,24.95,8.59,,,0.91,,30,,8.67,77,84.32
54,Argentina,2004,56.64,58.58,33.04,19.46,12.84,8.06,,,0.54,,30.09,,13.54,71.62,67.83
61,Australia,2004,51.24,55.86,34.05,15.52,13.38,9.64,,,0.7,,19.37,,32,69.71,56.58
32,Belgium,2004,37.52,38.75,31.53,5.69,3.42,4.03,,,0.42,,17.42,,24.92,68.53,70.57
55,Brazil,2004,43.84,55.66,39.54,32.73,13.48,10.11,,,0.72,,12.39,,6.3,74.88,79.45
101,Canada,2004,44.79,54.94,31.73,8.06,8.85,7.04,,,0.53,,24.43,,25.48,77.3,73.8
385,Croatia,2004,19.27,41.59,27.54,3.9,3.73,2.15,,,0.3,,12.72,,14.05,50.66,65.4
45,Denmark,2004,49.18,40.24,24.67,6.52,5.31,5.06,,,0.43,,26.63,,32.3,72.76,50.18
593,Ecuador,2004,46.29,76.14,44.65,40.59,27.24,10.1,,,0.81,,14.19,,6.7,76.05,81.08
358,Finland,2004,38.26,36.09,36.1,3.72,4.35,7.48,,,0.54,,10.85,,20.96,86.87,38.43
33,France,2004,21.13,33.08,42.32,11.56,6.03,1.45,,,0.46,,10.07,,21.74,70.02,59.94
49,Germany,2004,13.22,35.81,30.12,4.25,4.4,4.31,,,0.42,,19.13,,35.38,71.37,53.77
30,Greece,2004,29.15,54.45,48.27,11.44,5.77,6.54,,,0.33,,4.91,,14.55,72.97,66.45
852,Hong Kong,2004,25.7,23.62,39.78,6.51,2.97,2.72,,,0.35,,32.77,,15.11,68.14,54.26
36,Hungary,2004,16.59,21.41,37.93,2.49,4.29,2.18,,,0.68,,9.98,,14.86,56.73,55.22
354,Iceland,2004,55.11,48.28,43.85,12.96,13.57,7.34,,,0.54,,21.97,,24.07,67.42,61.91
353,Ireland,2004,45.09,47.73,34.14,7.78,7.7,6.5,,,0.48,,26.65,,22.99,84.99,65.59
972,Israel,2004,32.06,42.21,44.42,16.62,6.62,3.92,,,0.54,,29.04,,17.27,64.12,62.35
39,Italy,2004,25.36,32.63,32.02,9.33,4.32,4.72,,,0.36,,30.21,,,65.97,76.61
81,Japan,2004,13.99,13.52,29.53,0.75,1.48,4.75,,,0.69,,22.33,,37.86,55.54,28.04
962,Jordan,2004,34.26,71.32,23.55,33.17,18.18,21.89,,,0.59,,11.04,,10.65,85.89,71.84
31,Netherlands,2004,38.25,36.72,31.75,4.63,5.11,6.09,,,0.44,,15.82,,27.26,67.35,80.7
64,New Zealand,2004,55.45,65.89,21.72,12.74,14.67,9.63,,,0.7,,20.31,,32.59,68.54,61.58
47,Norway,2004,41.28,41.76,26.37,7.61,6.86,6.29,,,0.34,,14.4,,25.92,65.95,58.01
51,Peru,2004,56.24,74.99,24.45,48.25,40.27,14.46,,,0.94,,23,,10.57,72.38,78.22
48,Poland,2004,35.88,50.09,37.52,17.8,8.78,8.24,,,0.39,,21.81,,17.87,58.12,65.24
351,Portugal,2004,23.24,46.31,28.59,2.18,3.85,7.3,,,0.98,,,,11.54,60.84,64.19
65,Singapore,2004,16.26,26.12,36.25,10.45,5.66,3.88,,,0.4,,36.38,,27.22,53.07,49.14
386,Slovenia,2004,37.14,43.18,26.36,8.35,2.6,4.2,,,0.44,,26.64,,50.21,76.41,59.28
27,South Africa,2004,32.29,35.36,35.43,13.25,5.27,1.44,,,0.84,,24.91,,8.61,59.08,59.27
34,Spain,2004,39.32,41.37,45.5,4.31,5.15,7.79,,,0.39,,4.62,,17.81,58.62,71.76
46,Sweden,2004,40.84,42.25,32.05,10.04,3.71,6.03,,,0.42,,18.57,,25.16,61.68,53.26
256,Uganda,2004,71.67,78.39,23.33,40.08,31.6,12.69,,,0.67,,12.35,,1.1,87.05,91.27
44,United Kingdom,2004,36.2,51.7,32.61,7.38,6.25,5.11,,,0.46,,29.27,,35.23,71.28,54.48
1,United States,2004,33.61,54.22,17.75,8.03,11.27,5.45,,,0.9,,20.12,,23.84,62.86,57.82
54,Argentina,2003,65.1,62.83,33.27,17.15,19.73,7.84,,,0.49,,22.17,,13.15,71.06,69.32
61,Australia,2003,51.7,58.92,36.41,11.83,11.62,9.06,,,0.7,,16.53,,32.34,64.51,54.19
32,Belgium,2003,17.6,35.3,26.14,4.73,3.88,2.21,,,0.34,,20.89,,26.3,53.7,55.98
55,Brazil,2003,41.43,50.83,34.26,34.49,12.9,7.62,,,0.82,,17.24,,6.64,78.21,78.02
101,Canada,2003,36.22,55.49,19.26,7.52,8.28,3.95,,,0.49,,30.96,,31.13,64.64,63.14
56,Chile,2003,34.45,50.81,34.31,37.86,16.87,6.46,,,0.9,,34.59,,10.54,61.52,85.41
86,China,2003,32.06,37.53,28.26,29.46,12.92,13.82,,,0.81,,17.98,,6.01,71.41,73
385,Croatia,2003,25.59,37.45,34.05,6.39,2.56,2.55,,,0.38,,18.09,,25.57,51.08,67.75
45,Denmark,2003,41.92,36.62,29.34,5.07,5.88,5.66,,,0.33,,26.91,,36.06,75.32,51.22
358,Finland,2003,48.73,38.5,36.97,5.52,3.14,0.5,,,0.26,,44.03,,13,84.61,31.61
33,France,2003,9.33,24.91,34.09,5.82,1.63,1.64,,,0.95,,20.1,,,47.07,45.68
49,Germany,2003,13.52,38.2,32.79,5.62,5.22,4.64,,,0.47,,19.62,,36.42,72.2,54.92
30,Greece,2003,23.7,52.18,49.06,11.39,6.77,19.61,,,0.42,,12.28,,8.62,74.69,75.65
852,Hong Kong,2003,17.5,22.3,43.76,5.96,3.23,3.49,,,0.46,,39.98,,10.52,67.01,57.94
354,Iceland,2003,50.39,47.7,37.91,14.31,11.18,7.3,,,0.52,,16.9,,15.6,68.56,60.8
353,Ireland,2003,33.06,45.95,36.98,6.95,8.1,6.7,,,0.29,,31.73,,27.3,75.88,66.02
39,Italy,2003,34.01,35.13,38.36,6.48,3.11,2.26,,,0.95,,18.4,,,68.2,78.51
81,Japan,2003,7.47,11.84,39.49,1.92,2.76,5.96,,,0.31,,30.54,,23.9,47.27,33.52
31,Netherlands,2003,29.13,32.08,24.39,4.45,3.6,3.77,,,0.5,,16.6,,27.27,66.35,77.41
64,New Zealand,2003,47.34,62.42,24.05,12.92,13.6,11.12,,,0.58,,26.27,,31.2,68.29,61.41
47,Norway,2003,37.47,39.76,24.43,6.56,7.35,6.15,,,0.36,,20.25,,33,59.25,54.4
65,Singapore,2003,16.99,26.84,34.21,8.76,4.95,1.78,,,0.55,,34.37,,36.89,57.47,53.3
386,Slovenia,2003,32.38,38.38,28.97,10.28,4.05,5.45,,,0.26,,32.74,,43.85,77.04,59.27
27,South Africa,2003,27.77,31.73,30.79,10.41,4.21,1.08,,,0.85,,20.75,,14,47.99,48.04
34,Spain,2003,31.4,31.21,39.6,4.93,6.65,4.03,,,0.43,,17.2,,59.21,44.23,61
46,Sweden,2003,38.6,42.25,30.33,12.68,4.12,5.31,,,0.34,,14.22,,27.46,57.11,52.05
41,Switzerland,2003,25.08,50.22,29.86,9.41,7.29,7.26,,,0.42,,22.08,,33.05,66.59,51.75
256,Uganda,2003,61.57,85.55,29.56,47.11,28.85,16.23,,,0.63,,11.91,,0.96,85.93,87.43
44,United Kingdom,2003,35.24,48.39,30.75,5.42,6.35,5.78,,,0.43,,25.52,,29.96,71.31,51.05
1,United States,2003,30.76,53.95,23,8.97,11.85,5.41,,,0.52,,25.91,,22.22,63.57,63.24
582,Venezuela,2003,43.04,82.14,30.73,37.28,26.81,9.63,,,0.88,,28.36,,10.08,73.01,79.67
54,Argentina,2002,20.67,66.83,36.04,10.78,14.15,10.78,,,0.69,,14.53,,10.72,,
61,Australia,2002,34.17,50.71,32.3,7.85,8.66,7.71,,,0.48,,12.44,,36.73,,
32,Belgium,2002,15.84,35.17,30.99,4.69,2.99,2.24,,,0.34,,15.55,,24.51,,
55,Brazil,2002,41.42,54.97,31.68,36.71,13.53,7.76,,,0.7,,11.85,,8.46,,
101,Canada,2002,35.47,56.69,28.12,6.88,9.51,6.49,,,0.51,,21.59,,38.73,,
56,Chile,2002,31.36,57.15,25.38,34.19,15.68,6.79,,,0.43,,38.03,,15.8,,
86,China,2002,26.98,35.86,36.92,27.55,12.11,10.58,,,0.76,,20.69,,4.84,,
385,Croatia,2002,17.19,39.57,26.75,6,3.62,2.17,,,0.34,,24.21,,10.22,,
45,Denmark,2002,50.83,36.77,24.69,6.24,6.53,5.52,,,0.48,,34.09,,36.79,,
358,Finland,2002,51.23,39,28.2,5,4.56,8.53,,,0.63,,22.42,,25.26,,
33,France,2002,10.26,26.27,21.61,3.02,3.13,1.27,,,0.5,,27.18,,9.81,,
49,Germany,2002,20.46,35.2,37.12,4.55,5.16,4.83,,,0.49,,24.84,,39.91,,
852,Hong Kong,2002,20.35,23.09,39.66,6.37,3.44,2.59,,,0.51,,39.19,,13.32,,
36,Hungary,2002,9.67,53.25,16.58,5.88,6.53,5.48,,,0.5,,19.13,,24.76,,
354,Iceland,2002,42.35,46.16,39.22,13.46,11.32,10.44,,,0.53,,20.88,,23.37,,
91,India,2002,42.4,41.9,26.59,30.01,16.04,12.15,,,0.63,,4.75,,2.44,,
353,Ireland,2002,38.54,49.54,29.98,7.44,9.14,7.95,,,0.45,,25.12,,20.79,,
972,Israel,2002,25.69,47.41,37.55,14.43,6.99,5.66,,,0.28,,19.88,,17.13,,
39,Italy,2002,40.47,39,29.29,9.4,5.74,3.63,,,0.52,,29.29,,23.36,,
81,Japan,2002,5.25,10.62,28.59,0.86,1.69,6.81,,,0.18,,11.96,,29.53,,
52,Mexico,2002,50.87,61.18,16.01,23.17,12.4,1.49,,,0.7,,7.76,,11.97,,
31,Netherlands,2002,48.79,36.56,23.34,3.67,4.59,4.56,,,0.61,,21.07,,31.71,,
64,New Zealand,2002,51.22,63.37,29.99,14.24,14.01,11.02,,,0.6,,17.31,,30.69,,
47,Norway,2002,44.01,42.16,25.83,8.73,8.64,6.27,,,0.36,,16.12,,34.3,,
48,Poland,2002,8.02,22.22,24.42,2.19,3.96,2,,,0.69,,1.27,,11.67,,
7,Russia,2002,14.22,15.23,35.5,2.51,2.47,1.11,,,0.42,,22.14,,4.29,,
65,Singapore,2002,16.65,26.57,40.11,9.1,5.91,3.12,,,0.29,,42.48,,24.3,,
386,Slovenia,2002,29.81,44.34,26.36,9.05,4.63,6.69,,,0.45,,31.09,,25.07,,
27,South Africa,2002,13.62,28.07,28.99,3.64,6.3,1.12,,,0.77,,13.27,,9.55,,
82,South Korea,2002,14.74,31.41,44.79,19.73,14.52,10.19,,,0.42,,22.29,,13.03,,
34,Spain,2002,41.67,48.82,41.97,6.96,4.59,8.39,,,0.39,,12.16,,16,,
46,Sweden,2002,44.91,42.73,29.96,12.52,3.9,6.76,,,0.48,,24.87,,38.59,,
41,Switzerland,2002,33.85,48.52,25.08,8.42,7.13,6.82,,,0.51,,21.52,,30.23,,
886,Taiwan,2002,15.5,31.06,43.42,16.18,4.27,8.34,,,0.64,,18.53,,6.25,,
66,Thailand,2002,21.92,40.07,35.77,16.55,18.9,13.28,,,0.95,,9.49,,4.74,,
44,United Kingdom,2002,27.19,45.5,32.64,4.23,5.36,5.48,,,0.42,,28.01,,25.77,,
1,United States,2002,36.92,57.13,21.63,9.23,10.62,5.74,,,0.64,,31.74,,24.3,,
54,Argentina,2001,19.83,54.8,37.17,,9.92,3.92,,,0.38,,17.81,,16.72,,
61,Australia,2001,31.27,59.66,38.18,,14.68,27.96,,,0.48,,28.79,,30.32,,
32,Belgium,2001,19.96,30.32,37.87,,4.19,3.02,,,0.51,,13.54,,18.85,,
55,Brazil,2001,40.6,54.28,32.14,,13.8,3.79,,,0.62,,14.44,,9.7,,
101,Canada,2001,34.54,53.03,26.89,,10.27,3.89,,,0.63,,12.37,,27.06,,
45,Denmark,2001,45.78,40.81,23.72,,7.23,4.25,,,0.43,,3.48,,43.89,,
358,Finland,2001,54.91,37.61,35.17,,8.16,7.46,,,0.54,,19.09,,35.07,,
33,France,2001,6.89,20.01,28.71,,5.72,1.62,,,0.43,,8.37,,24.89,,
49,Germany,2001,23.65,30.11,41.75,,6.28,4.18,,,0.44,,17.44,,32,,
36,Hungary,2001,8.63,55.3,10.44,,10.86,5.9,,,0.57,,15.79,,20.25,,
91,India,2001,30.93,39.85,33.17,,10.81,8.76,,,0.31,,7.49,,5.91,,
353,Ireland,2001,34.26,46.28,40.14,,11.37,4.52,,,0.43,,20.01,,21.43,,
972,Israel,2001,17.98,35.64,33.19,,5.29,,,,0.28,,47.47,,52.21,,
39,Italy,2001,47.85,33.36,28,,9.11,3.6,,,0.97,,24.96,,23.68,,
81,Japan,2001,6.95,10.98,22.37,,3.1,5.07,,,0.46,,15.01,,17.62,,
52,Mexico,2001,40.21,50.18,25.77,,17.91,5.83,,,0.51,,17.1,,8.24,,
31,Netherlands,2001,42.49,36.52,27.31,,5.87,3.75,,,0.5,,29.82,,46.86,,
64,New Zealand,2001,49.01,66.26,25.61,,15.45,12.84,,,0.76,,11.82,,27.51,,
47,Norway,2001,58.75,36.43,28.88,,7.4,6.51,,,0.45,,20.31,,31.88,,
48,Poland,2001,13.97,38.57,44.28,,8.04,4.75,,,0.65,,11.85,,17.44,,
351,Portugal,2001,22.28,41.7,31.32,,6.61,4.71,,,0.39,,13.3,,14.68,,
65,Singapore,2001,17.46,24.56,45.07,,6.05,5.43,,,0.39,,22.03,,18.84,,
27,South Africa,2001,19.7,30.38,36.27,,6.49,0.83,,,0.52,,20.79,,32.25,,
82,South Korea,2001,12.24,28.55,43.55,,14.32,10.47,,,0.42,,19.36,,15.83,,
34,Spain,2001,48.46,48.65,36.22,,6.32,4.72,,,0.71,,12.97,,22.38,,
46,Sweden,2001,42.34,44.41,31.19,,5.65,5.65,,,0.59,,25.72,,34.33,,
44,United Kingdom,2001,23,45.96,33.24,,6.49,3.35,,,0.39,,17.46,,27.53,,
1,United States,2001,34.89,60.59,21.37,,11.07,5.83,,,0.68,,26.31,,30.56,,
